4.210937499999999889e-01,2.930555555555555691e-01,-1.000000000000000000e+00,-1.000000000000000000e+00,2.968749999999999861e-02,2.930555555555555691e-01,4.203124999999999778e-01,3.166666666666666519e-01,4.203124999999999778e-01,2.930555555555555691e-01,5.054687500000000222e-01,2.708333333333333148e-01,4.570312500000000000e-01,2.930555555555555691e-01,4.453125000000000000e-01,2.944444444444444531e-01,4.453125000000000000e-01,2.930555555555555691e-01,-1.000000000000000000e+00,-1.000000000000000000e+00,4.320312499999999778e-01,2.930555555555555691e-01,-1.000000000000000000e+00,-1.000000000000000000e+00,2.968749999999999861e-02,2.930555555555555691e-01,7.624999999999999556e-01,4.236111111111111049e-01,1.765625000000000111e-01,2.930555555555555691e-01,2.734375000000000000e-01,2.930555555555555691e-01,3.468749999999999889e-01,2.944444444444444531e-01,4.210937499999999889e-01,2.930555555555555691e-01,-1.000000000000000000e+00,-1.000000000000000000e+00,-1.000000000000000000e+00,-1.000000000000000000e+00,-1.000000000000000000e+00,-1.000000000000000000e+00,-1.000000000000000000e+00,-1.000000000000000000e+00,-1.000000000000000000e+00,-1.000000000000000000e+00,-1.000000000000000000e+00,-1.000000000000000000e+00,-1.000000000000000000e+00,-1.000000000000000000e+00,-1.000000000000000000e+00,-1.000000000000000000e+00,-1.000000000000000000e+00,-1.000000000000000000e+00,-1.000000000000000000e+00,-1.000000000000000000e+00,-1.000000000000000000e+00,-1.000000000000000000e+00,-1.000000000000000000e+00,-1.000000000000000000e+00
4.210937499999999889e-01,2.930555555555555691e-01,-1.000000000000000000e+00,-1.000000000000000000e+00,2.968749999999999861e-02,2.930555555555555691e-01,4.203124999999999778e-01,3.166666666666666519e-01,4.203124999999999778e-01,2.930555555555555691e-01,5.054687500000000222e-01,2.708333333333333148e-01,-1.000000000000000000e+00,-1.000000000000000000e+00,-1.000000000000000000e+00,-1.000000000000000000e+00,4.453125000000000000e-01,2.930555555555555691e-01,-1.000000000000000000e+00,-1.000000000000000000e+00,4.320312499999999778e-01,2.930555555555555691e-01,-1.000000000000000000e+00,-1.000000000000000000e+00,2.968749999999999861e-02,2.930555555555555691e-01,7.624999999999999556e-01,4.236111111111111049e-01,1.765625000000000111e-01,2.930555555555555691e-01,2.734375000000000000e-01,2.930555555555555691e-01,3.468749999999999889e-01,2.944444444444444531e-01,4.210937499999999889e-01,2.930555555555555691e-01,-1.000000000000000000e+00,-1.000000000000000000e+00,-1.000000000000000000e+00,-1.000000000000000000e+00,-1.000000000000000000e+00,-1.000000000000000000e+00,-1.000000000000000000e+00,-1.000000000000000000e+00,-1.000000000000000000e+00,-1.000000000000000000e+00,-1.000000000000000000e+00,-1.000000000000000000e+00,-1.000000000000000000e+00,-1.000000000000000000e+00,-1.000000000000000000e+00,-1.000000000000000000e+00,-1.000000000000000000e+00,-1.000000000000000000e+00,-1.000000000000000000e+00,-1.000000000000000000e+00,-1.000000000000000000e+00,-1.000000000000000000e+00,-1.000000000000000000e+00,-1.000000000000000000e+00
4.078125000000000222e-01,2.944444444444444531e-01,4.078125000000000222e-01,2.930555555555555691e-01,1.718750000000000139e-02,2.930555555555555691e-01,3.843750000000000222e-01,3.152777777777777679e-01,-1.000000000000000000e+00,-1.000000000000000000e+00,-1.000000000000000000e+00,-1.000000000000000000e+00,4.320312499999999778e-01,2.930555555555555691e-01,4.203124999999999778e-01,3.138888888888888840e-01,4.210937499999999889e-01,3.138888888888888840e-01,-1.000000000000000000e+00,-1.000000000000000000e+00,4.085937499999999778e-01,2.944444444444444531e-01,4.078125000000000222e-01,2.930555555555555691e-01,1.718750000000000139e-02,2.930555555555555691e-01,-1.000000000000000000e+00,-1.000000000000000000e+00,1.640625000000000000e-01,2.930555555555555691e-01,2.500000000000000000e-01,2.930555555555555691e-01,3.351562499999999889e-01,2.944444444444444531e-01,3.953125000000000111e-01,2.944444444444444531e-01,-1.000000000000000000e+00,-1.000000000000000000e+00,-1.000000000000000000e+00,-1.000000000000000000e+00,-1.000000000000000000e+00,-1.000000000000000000e+00,-1.000000000000000000e+00,-1.000000000000000000e+00,-1.000000000000000000e+00,-1.000000000000000000e+00,-1.000000000000000000e+00,-1.000000000000000000e+00,-1.000000000000000000e+00,-1.000000000000000000e+00,-1.000000000000000000e+00,-1.000000000000000000e+00,-1.000000000000000000e+00,-1.000000000000000000e+00,-1.000000000000000000e+00,-1.000000000000000000e+00,-1.000000000000000000e+00,-1.000000000000000000e+00,-1.000000000000000000e+00,-1.000000000000000000e+00
-1.000000000000000000e+00,-1.000000000000000000e+00,3.835937500000000111e-01,3.375000000000000222e-01,0.000000000000000000e+00,3.361111111111111382e-01,3.476562500000000000e-01,3.805555555555555358e-01,-1.000000000000000000e+00,-1.000000000000000000e+00,-1.000000000000000000e+00,-1.000000000000000000e+00,3.960937500000000222e-01,3.583333333333333370e-01,-1.000000000000000000e+00,-1.000000000000000000e+00,-1.000000000000000000e+00,-1.000000000000000000e+00,-1.000000000000000000e+00,-1.000000000000000000e+00,-1.000000000000000000e+00,-1.000000000000000000e+00,3.835937500000000111e-01,3.375000000000000222e-01,0.000000000000000000e+00,3.361111111111111382e-01,-1.000000000000000000e+00,-1.000000000000000000e+00,1.523437500000000000e-01,3.361111111111111382e-01,2.492187499999999889e-01,3.361111111111111382e-01,3.226562499999999778e-01,3.361111111111111382e-01,3.828125000000000000e-01,4.013888888888889062e-01,-1.000000000000000000e+00,-1.000000000000000000e+00,-1.000000000000000000e+00,-1.000000000000000000e+00,-1.000000000000000000e+00,-1.000000000000000000e+00,-1.000000000000000000e+00,-1.000000000000000000e+00,-1.000000000000000000e+00,-1.000000000000000000e+00,-1.000000000000000000e+00,-1.000000000000000000e+00,-1.000000000000000000e+00,-1.000000000000000000e+00,-1.000000000000000000e+00,-1.000000000000000000e+00,-1.000000000000000000e+00,-1.000000000000000000e+00,-1.000000000000000000e+00,-1.000000000000000000e+00,-1.000000000000000000e+00,-1.000000000000000000e+00,-1.000000000000000000e+00,-1.000000000000000000e+00
4.570312500000000000e-01,2.708333333333333148e-01,-1.000000000000000000e+00,-1.000000000000000000e+00,4.296875000000000000e-02,2.930555555555555691e-01,4.445312499999999889e-01,3.361111111111111382e-01,3.953125000000000111e-01,2.944444444444444531e-01,4.929687500000000111e-01,2.708333333333333148e-01,-1.000000000000000000e+00,-1.000000000000000000e+00,-1.000000000000000000e+00,-1.000000000000000000e+00,4.929687500000000111e-01,2.708333333333333148e-01,4.695312500000000111e-01,2.500000000000000000e-01,4.570312500000000000e-01,2.708333333333333148e-01,-1.000000000000000000e+00,-1.000000000000000000e+00,4.296875000000000000e-02,2.930555555555555691e-01,7.484374999999999778e-01,4.236111111111111049e-01,1.898437500000000056e-01,2.930555555555555691e-01,2.859375000000000111e-01,2.930555555555555691e-01,-1.000000000000000000e+00,-1.000000000000000000e+00,4.570312500000000000e-01,2.930555555555555691e-01,-1.000000000000000000e+00,-1.000000000000000000e+00,-1.000000000000000000e+00,-1.000000000000000000e+00,-1.000000000000000000e+00,-1.000000000000000000e+00,-1.000000000000000000e+00,-1.000000000000000000e+00,-1.000000000000000000e+00,-1.000000000000000000e+00,-1.000000000000000000e+00,-1.000000000000000000e+00,-1.000000000000000000e+00,-1.000000000000000000e+00,-1.000000000000000000e+00,-1.000000000000000000e+00,-1.000000000000000000e+00,-1.000000000000000000e+00,-1.000000000000000000e+00,-1.000000000000000000e+00,-1.000000000000000000e+00,-1.000000000000000000e+00,-1.000000000000000000e+00,-1.000000000000000000e+00
4.320312499999999778e-01,3.569444444444444531e-01,-1.000000000000000000e+00,-1.000000000000000000e+00,5.468750000000000000e-02,3.361111111111111382e-01,4.578125000000000111e-01,4.236111111111111049e-01,-1.000000000000000000e+00,-1.000000000000000000e+00,4.445312499999999889e-01,3.791666666666666519e-01,-1.000000000000000000e+00,-1.000000000000000000e+00,-1.000000000000000000e+00,-1.000000000000000000e+00,4.453125000000000000e-01,3.583333333333333370e-01,4.335937500000000000e-01,3.375000000000000222e-01,4.312500000000000222e-01,3.569444444444444531e-01,-1.000000000000000000e+00,-1.000000000000000000e+00,5.468750000000000000e-02,3.361111111111111382e-01,-1.000000000000000000e+00,-1.000000000000000000e+00,2.007812499999999944e-01,3.361111111111111382e-01,3.093750000000000111e-01,3.361111111111111382e-01,-1.000000000000000000e+00,-1.000000000000000000e+00,4.578125000000000111e-01,3.166666666666666519e-01,-1.000000000000000000e+00,-1.000000000000000000e+00,-1.000000000000000000e+00,-1.000000000000000000e+00,-1.000000000000000000e+00,-1.000000000000000000e+00,-1.000000000000000000e+00,-1.000000000000000000e+00,-1.000000000000000000e+00,-1.000000000000000000e+00,-1.000000000000000000e+00,-1.000000000000000000e+00,-1.000000000000000000e+00,-1.000000000000000000e+00,-1.000000000000000000e+00,-1.000000000000000000e+00,-1.000000000000000000e+00,-1.000000000000000000e+00,-1.000000000000000000e+00,-1.000000000000000000e+00,-1.000000000000000000e+00,-1.000000000000000000e+00,-1.000000000000000000e+00,-1.000000000000000000e+00
4.210937499999999889e-01,2.930555555555555691e-01,-1.000000000000000000e+00,-1.000000000000000000e+00,2.968749999999999861e-02,2.930555555555555691e-01,4.203124999999999778e-01,3.166666666666666519e-01,4.203124999999999778e-01,2.930555555555555691e-01,5.054687500000000222e-01,2.708333333333333148e-01,4.570312500000000000e-01,2.930555555555555691e-01,4.453125000000000000e-01,2.944444444444444531e-01,4.453125000000000000e-01,2.930555555555555691e-01,-1.000000000000000000e+00,-1.000000000000000000e+00,4.320312499999999778e-01,2.930555555555555691e-01,-1.000000000000000000e+00,-1.000000000000000000e+00,2.968749999999999861e-02,2.930555555555555691e-01,7.624999999999999556e-01,4.236111111111111049e-01,1.765625000000000111e-01,2.930555555555555691e-01,2.734375000000000000e-01,2.930555555555555691e-01,3.468749999999999889e-01,2.944444444444444531e-01,4.210937499999999889e-01,2.930555555555555691e-01,-1.000000000000000000e+00,-1.000000000000000000e+00,-1.000000000000000000e+00,-1.000000000000000000e+00,-1.000000000000000000e+00,-1.000000000000000000e+00,-1.000000000000000000e+00,-1.000000000000000000e+00,-1.000000000000000000e+00,-1.000000000000000000e+00,-1.000000000000000000e+00,-1.000000000000000000e+00,-1.000000000000000000e+00,-1.000000000000000000e+00,-1.000000000000000000e+00,-1.000000000000000000e+00,-1.000000000000000000e+00,-1.000000000000000000e+00,-1.000000000000000000e+00,-1.000000000000000000e+00,-1.000000000000000000e+00,-1.000000000000000000e+00,-1.000000000000000000e+00,-1.000000000000000000e+00
4.085937499999999778e-01,5.097222222222221877e-01,-1.000000000000000000e+00,-1.000000000000000000e+00,-1.000000000000000000e+00,-1.000000000000000000e+00,3.960937500000000222e-01,5.111111111111110716e-01,4.328124999999999889e-01,4.888888888888888729e-01,5.054687500000000222e-01,5.097222222222221877e-01,4.210937499999999889e-01,4.888888888888888729e-01,4.195312500000000222e-01,5.097222222222221877e-01,4.570312500000000000e-01,5.124999999999999556e-01,-1.000000000000000000e+00,-1.000000000000000000e+00,4.562499999999999889e-01,4.902777777777777568e-01,-1.000000000000000000e+00,-1.000000000000000000e+00,-1.000000000000000000e+00,-1.000000000000000000e+00,7.624999999999999556e-01,5.541666666666666963e-01,1.648437500000000111e-01,3.805555555555555358e-01,2.617187500000000000e-01,3.819444444444444198e-01,3.351562499999999889e-01,3.805555555555555358e-01,3.960937500000000222e-01,5.111111111111110716e-01,-1.000000000000000000e+00,-1.000000000000000000e+00,-1.000000000000000000e+00,-1.000000000000000000e+00,-1.000000000000000000e+00,-1.000000000000000000e+00,-1.000000000000000000e+00,-1.000000000000000000e+00,-1.000000000000000000e+00,-1.000000000000000000e+00,-1.000000000000000000e+00,-1.000000000000000000e+00,-1.000000000000000000e+00,-1.000000000000000000e+00,-1.000000000000000000e+00,-1.000000000000000000e+00,-1.000000000000000000e+00,-1.000000000000000000e+00,-1.000000000000000000e+00,-1.000000000000000000e+00,-1.000000000000000000e+00,-1.000000000000000000e+00,-1.000000000000000000e+00,-1.000000000000000000e+00
3.828125000000000000e-01,6.624999999999999778e-01,-1.000000000000000000e+00,-1.000000000000000000e+00,-1.000000000000000000e+00,-1.000000000000000000e+00,3.835937500000000111e-01,6.847222222222222321e-01,4.203124999999999778e-01,6.847222222222222321e-01,4.445312499999999889e-01,6.847222222222222321e-01,3.960937500000000222e-01,6.611111111111110938e-01,4.078125000000000222e-01,6.833333333333333481e-01,4.210937499999999889e-01,7.055555555555556024e-01,-1.000000000000000000e+00,-1.000000000000000000e+00,4.195312500000000222e-01,6.833333333333333481e-01,-1.000000000000000000e+00,-1.000000000000000000e+00,-1.000000000000000000e+00,-1.000000000000000000e+00,7.492187500000000444e-01,6.402777777777777235e-01,1.531250000000000111e-01,4.458333333333333592e-01,2.500000000000000000e-01,4.458333333333333592e-01,3.234374999999999889e-01,4.458333333333333592e-01,3.953125000000000111e-01,6.819444444444444642e-01,-1.000000000000000000e+00,-1.000000000000000000e+00,-1.000000000000000000e+00,-1.000000000000000000e+00,-1.000000000000000000e+00,-1.000000000000000000e+00,-1.000000000000000000e+00,-1.000000000000000000e+00,-1.000000000000000000e+00,-1.000000000000000000e+00,-1.000000000000000000e+00,-1.000000000000000000e+00,-1.000000000000000000e+00,-1.000000000000000000e+00,-1.000000000000000000e+00,-1.000000000000000000e+00,-1.000000000000000000e+00,-1.000000000000000000e+00,-1.000000000000000000e+00,-1.000000000000000000e+00,-1.000000000000000000e+00,-1.000000000000000000e+00,-1.000000000000000000e+00,-1.000000000000000000e+00
4.210937499999999889e-01,2.930555555555555691e-01,-1.000000000000000000e+00,-1.000000000000000000e+00,2.968749999999999861e-02,2.930555555555555691e-01,4.203124999999999778e-01,3.166666666666666519e-01,4.203124999999999778e-01,2.930555555555555691e-01,5.054687500000000222e-01,2.708333333333333148e-01,4.570312500000000000e-01,2.930555555555555691e-01,4.453125000000000000e-01,2.944444444444444531e-01,4.453125000000000000e-01,2.930555555555555691e-01,-1.000000000000000000e+00,-1.000000000000000000e+00,4.320312499999999778e-01,2.930555555555555691e-01,-1.000000000000000000e+00,-1.000000000000000000e+00,2.968749999999999861e-02,2.930555555555555691e-01,7.624999999999999556e-01,4.236111111111111049e-01,1.765625000000000111e-01,2.930555555555555691e-01,2.734375000000000000e-01,2.930555555555555691e-01,3.468749999999999889e-01,2.944444444444444531e-01,4.210937499999999889e-01,2.930555555555555691e-01,-1.000000000000000000e+00,-1.000000000000000000e+00,-1.000000000000000000e+00,-1.000000000000000000e+00,-1.000000000000000000e+00,-1.000000000000000000e+00,-1.000000000000000000e+00,-1.000000000000000000e+00,-1.000000000000000000e+00,-1.000000000000000000e+00,-1.000000000000000000e+00,-1.000000000000000000e+00,-1.000000000000000000e+00,-1.000000000000000000e+00,-1.000000000000000000e+00,-1.000000000000000000e+00,-1.000000000000000000e+00,-1.000000000000000000e+00,-1.000000000000000000e+00,-1.000000000000000000e+00,-1.000000000000000000e+00,-1.000000000000000000e+00,-1.000000000000000000e+00,-1.000000000000000000e+00
4.687500000000000000e-01,4.902777777777777568e-01,-1.000000000000000000e+00,-1.000000000000000000e+00,-1.000000000000000000e+00,-1.000000000000000000e+00,4.335937500000000000e-01,5.305555555555555580e-01,3.960937500000000222e-01,4.888888888888888729e-01,4.937500000000000222e-01,5.097222222222221877e-01,4.937500000000000222e-01,5.111111111111110716e-01,4.820312500000000222e-01,5.097222222222221877e-01,4.937500000000000222e-01,5.111111111111110716e-01,-1.000000000000000000e+00,-1.000000000000000000e+00,4.687500000000000000e-01,4.902777777777777568e-01,-1.000000000000000000e+00,-1.000000000000000000e+00,-1.000000000000000000e+00,-1.000000000000000000e+00,7.492187500000000444e-01,5.541666666666666963e-01,1.882812500000000111e-01,3.805555555555555358e-01,2.851562500000000000e-01,4.000000000000000222e-01,3.585937499999999889e-01,3.819444444444444198e-01,4.210937499999999889e-01,5.305555555555555580e-01,-1.000000000000000000e+00,-1.000000000000000000e+00,-1.000000000000000000e+00,-1.000000000000000000e+00,-1.000000000000000000e+00,-1.000000000000000000e+00,-1.000000000000000000e+00,-1.000000000000000000e+00,-1.000000000000000000e+00,-1.000000000000000000e+00,-1.000000000000000000e+00,-1.000000000000000000e+00,-1.000000000000000000e+00,-1.000000000000000000e+00,-1.000000000000000000e+00,-1.000000000000000000e+00,-1.000000000000000000e+00,-1.000000000000000000e+00,-1.000000000000000000e+00,-1.000000000000000000e+00,-1.000000000000000000e+00,-1.000000000000000000e+00,-1.000000000000000000e+00,-1.000000000000000000e+00
4.078125000000000222e-01,6.638888888888888618e-01,-1.000000000000000000e+00,-1.000000000000000000e+00,-1.000000000000000000e+00,-1.000000000000000000e+00,4.445312499999999889e-01,6.833333333333333481e-01,3.835937500000000111e-01,6.624999999999999778e-01,4.687500000000000000e-01,7.041666666666667185e-01,4.562499999999999889e-01,6.847222222222222321e-01,4.570312500000000000e-01,6.847222222222222321e-01,4.937500000000000222e-01,7.069444444444444864e-01,-1.000000000000000000e+00,-1.000000000000000000e+00,4.093749999999999889e-01,6.833333333333333481e-01,-1.000000000000000000e+00,-1.000000000000000000e+00,-1.000000000000000000e+00,-1.000000000000000000e+00,7.382812500000000000e-01,6.402777777777777235e-01,1.882812500000000111e-01,4.472222222222222432e-01,2.750000000000000222e-01,4.652777777777777901e-01,-1.000000000000000000e+00,-1.000000000000000000e+00,4.078125000000000222e-01,6.833333333333333481e-01,-1.000000000000000000e+00,-1.000000000000000000e+00,-1.000000000000000000e+00,-1.000000000000000000e+00,-1.000000000000000000e+00,-1.000000000000000000e+00,-1.000000000000000000e+00,-1.000000000000000000e+00,-1.000000000000000000e+00,-1.000000000000000000e+00,-1.000000000000000000e+00,-1.000000000000000000e+00,-1.000000000000000000e+00,-1.000000000000000000e+00,-1.000000000000000000e+00,-1.000000000000000000e+00,-1.000000000000000000e+00,-1.000000000000000000e+00,-1.000000000000000000e+00,-1.000000000000000000e+00,-1.000000000000000000e+00,-1.000000000000000000e+00,-1.000000000000000000e+00,-1.000000000000000000e+00
4.210937499999999889e-01,2.930555555555555691e-01,-1.000000000000000000e+00,-1.000000000000000000e+00,2.968749999999999861e-02,2.930555555555555691e-01,4.203124999999999778e-01,3.166666666666666519e-01,-1.000000000000000000e+00,-1.000000000000000000e+00,5.054687500000000222e-01,2.708333333333333148e-01,4.570312500000000000e-01,2.930555555555555691e-01,4.453125000000000000e-01,2.944444444444444531e-01,4.453125000000000000e-01,2.930555555555555691e-01,-1.000000000000000000e+00,-1.000000000000000000e+00,4.320312499999999778e-01,2.930555555555555691e-01,-1.000000000000000000e+00,-1.000000000000000000e+00,2.968749999999999861e-02,2.930555555555555691e-01,-1.000000000000000000e+00,-1.000000000000000000e+00,1.765625000000000111e-01,2.930555555555555691e-01,2.734375000000000000e-01,2.930555555555555691e-01,3.468749999999999889e-01,2.944444444444444531e-01,4.210937499999999889e-01,2.930555555555555691e-01,-1.000000000000000000e+00,-1.000000000000000000e+00,-1.000000000000000000e+00,-1.000000000000000000e+00,-1.000000000000000000e+00,-1.000000000000000000e+00,-1.000000000000000000e+00,-1.000000000000000000e+00,-1.000000000000000000e+00,-1.000000000000000000e+00,-1.000000000000000000e+00,-1.000000000000000000e+00,-1.000000000000000000e+00,-1.000000000000000000e+00,-1.000000000000000000e+00,-1.000000000000000000e+00,-1.000000000000000000e+00,-1.000000000000000000e+00,-1.000000000000000000e+00,-1.000000000000000000e+00,-1.000000000000000000e+00,-1.000000000000000000e+00,-1.000000000000000000e+00,-1.000000000000000000e+00
4.085937499999999778e-01,2.069444444444444309e-01,-1.000000000000000000e+00,-1.000000000000000000e+00,2.968749999999999861e-02,2.708333333333333148e-01,4.445312499999999889e-01,2.472222222222222321e-01,-1.000000000000000000e+00,-1.000000000000000000e+00,-1.000000000000000000e+00,-1.000000000000000000e+00,4.445312499999999889e-01,2.263888888888888895e-01,4.328124999999999889e-01,2.263888888888888895e-01,4.312500000000000222e-01,2.250000000000000056e-01,-1.000000000000000000e+00,-1.000000000000000000e+00,4.085937499999999778e-01,2.069444444444444309e-01,-1.000000000000000000e+00,-1.000000000000000000e+00,2.968749999999999861e-02,2.708333333333333148e-01,-1.000000000000000000e+00,-1.000000000000000000e+00,1.757812500000000000e-01,2.513888888888888840e-01,2.625000000000000111e-01,2.708333333333333148e-01,-1.000000000000000000e+00,-1.000000000000000000e+00,4.085937499999999778e-01,2.055555555555555469e-01,-1.000000000000000000e+00,-1.000000000000000000e+00,-1.000000000000000000e+00,-1.000000000000000000e+00,-1.000000000000000000e+00,-1.000000000000000000e+00,-1.000000000000000000e+00,-1.000000000000000000e+00,-1.000000000000000000e+00,-1.000000000000000000e+00,-1.000000000000000000e+00,-1.000000000000000000e+00,-1.000000000000000000e+00,-1.000000000000000000e+00,-1.000000000000000000e+00,-1.000000000000000000e+00,-1.000000000000000000e+00,-1.000000000000000000e+00,-1.000000000000000000e+00,-1.000000000000000000e+00,-1.000000000000000000e+00,-1.000000000000000000e+00,-1.000000000000000000e+00,-1.000000000000000000e+00
-1.000000000000000000e+00,-1.000000000000000000e+00,-1.000000000000000000e+00,-1.000000000000000000e+00,2.890625000000000139e-02,2.513888888888888840e-01,4.328124999999999889e-01,2.277777777777777735e-01,-1.000000000000000000e+00,-1.000000000000000000e+00,-1.000000000000000000e+00,-1.000000000000000000e+00,-1.000000000000000000e+00,-1.000000000000000000e+00,-1.000000000000000000e+00,-1.000000000000000000e+00,-1.000000000000000000e+00,-1.000000000000000000e+00,-1.000000000000000000e+00,-1.000000000000000000e+00,-1.000000000000000000e+00,-1.000000000000000000e+00,-1.000000000000000000e+00,-1.000000000000000000e+00,2.890625000000000139e-02,2.513888888888888840e-01,-1.000000000000000000e+00,-1.000000000000000000e+00,1.757812500000000000e-01,2.500000000000000000e-01,2.617187500000000000e-01,2.694444444444444309e-01,-1.000000000000000000e+00,-1.000000000000000000e+00,-1.000000000000000000e+00,-1.000000000000000000e+00,-1.000000000000000000e+00,-1.000000000000000000e+00,-1.000000000000000000e+00,-1.000000000000000000e+00,-1.000000000000000000e+00,-1.000000000000000000e+00,-1.000000000000000000e+00,-1.000000000000000000e+00,-1.000000000000000000e+00,-1.000000000000000000e+00,-1.000000000000000000e+00,-1.000000000000000000e+00,-1.000000000000000000e+00,-1.000000000000000000e+00,-1.000000000000000000e+00,-1.000000000000000000e+00,-1.000000000000000000e+00,-1.000000000000000000e+00,-1.000000000000000000e+00,-1.000000000000000000e+00,-1.000000000000000000e+00,-1.000000000000000000e+00,-1.000000000000000000e+00,-1.000000000000000000e+00
4.085937499999999778e-01,2.069444444444444309e-01,-1.000000000000000000e+00,-1.000000000000000000e+00,2.968749999999999861e-02,2.708333333333333148e-01,4.445312499999999889e-01,2.472222222222222321e-01,-1.000000000000000000e+00,-1.000000000000000000e+00,4.570312500000000000e-01,2.055555555555555469e-01,4.445312499999999889e-01,2.263888888888888895e-01,4.328124999999999889e-01,2.263888888888888895e-01,4.312500000000000222e-01,2.250000000000000056e-01,-1.000000000000000000e+00,-1.000000000000000000e+00,4.085937499999999778e-01,2.069444444444444309e-01,-1.000000000000000000e+00,-1.000000000000000000e+00,2.968749999999999861e-02,2.708333333333333148e-01,-1.000000000000000000e+00,-1.000000000000000000e+00,1.757812500000000000e-01,2.513888888888888840e-01,2.625000000000000111e-01,2.708333333333333148e-01,3.468749999999999889e-01,2.708333333333333148e-01,4.085937499999999778e-01,2.055555555555555469e-01,-1.000000000000000000e+00,-1.000000000000000000e+00,-1.000000000000000000e+00,-1.000000000000000000e+00,-1.000000000000000000e+00,-1.000000000000000000e+00,-1.000000000000000000e+00,-1.000000000000000000e+00,-1.000000000000000000e+00,-1.000000000000000000e+00,-1.000000000000000000e+00,-1.000000000000000000e+00,-1.000000000000000000e+00,-1.000000000000000000e+00,-1.000000000000000000e+00,-1.000000000000000000e+00,-1.000000000000000000e+00,-1.000000000000000000e+00,-1.000000000000000000e+00,-1.000000000000000000e+00,-1.000000000000000000e+00,-1.000000000000000000e+00,-1.000000000000000000e+00,-1.000000000000000000e+00
4.328124999999999889e-01,1.625000000000000056e-01,-1.000000000000000000e+00,-1.000000000000000000e+00,3.046874999999999931e-02,2.513888888888888840e-01,4.687500000000000000e-01,2.055555555555555469e-01,-1.000000000000000000e+00,-1.000000000000000000e+00,4.687500000000000000e-01,1.847222222222222321e-01,4.679687499999999889e-01,1.833333333333333204e-01,4.445312499999999889e-01,2.055555555555555469e-01,4.562499999999999889e-01,1.625000000000000056e-01,-1.000000000000000000e+00,-1.000000000000000000e+00,4.328124999999999889e-01,1.625000000000000056e-01,-1.000000000000000000e+00,-1.000000000000000000e+00,3.046874999999999931e-02,2.513888888888888840e-01,-1.000000000000000000e+00,-1.000000000000000000e+00,1.765625000000000111e-01,2.500000000000000000e-01,2.734375000000000000e-01,2.694444444444444309e-01,3.476562500000000000e-01,2.708333333333333148e-01,4.210937499999999889e-01,1.861111111111111160e-01,-1.000000000000000000e+00,-1.000000000000000000e+00,-1.000000000000000000e+00,-1.000000000000000000e+00,-1.000000000000000000e+00,-1.000000000000000000e+00,-1.000000000000000000e+00,-1.000000000000000000e+00,-1.000000000000000000e+00,-1.000000000000000000e+00,-1.000000000000000000e+00,-1.000000000000000000e+00,-1.000000000000000000e+00,-1.000000000000000000e+00,-1.000000000000000000e+00,-1.000000000000000000e+00,-1.000000000000000000e+00,-1.000000000000000000e+00,-1.000000000000000000e+00,-1.000000000000000000e+00,-1.000000000000000000e+00,-1.000000000000000000e+00,-1.000000000000000000e+00,-1.000000000000000000e+00
-1.000000000000000000e+00,-1.000000000000000000e+00,-1.000000000000000000e+00,-1.000000000000000000e+00,4.078125000000000222e-01,2.930555555555555691e-01,5.054687500000000222e-01,2.930555555555555691e-01,5.054687500000000222e-01,2.736111111111111382e-01,-1.000000000000000000e+00,-1.000000000000000000e+00,-1.000000000000000000e+00,-1.000000000000000000e+00,-1.000000000000000000e+00,-1.000000000000000000e+00,-1.000000000000000000e+00,-1.000000000000000000e+00,-1.000000000000000000e+00,-1.000000000000000000e+00,-1.000000000000000000e+00,-1.000000000000000000e+00,-1.000000000000000000e+00,-1.000000000000000000e+00,4.078125000000000222e-01,2.930555555555555691e-01,1.031249999999999944e-01,2.930555555555555691e-01,3.960937500000000222e-01,2.930555555555555691e-01,4.203124999999999778e-01,2.916666666666666852e-01,4.445312499999999889e-01,2.930555555555555691e-01,5.179687499999999778e-01,2.486111111111111160e-01,-1.000000000000000000e+00,-1.000000000000000000e+00,-1.000000000000000000e+00,-1.000000000000000000e+00,-1.000000000000000000e+00,-1.000000000000000000e+00,-1.000000000000000000e+00,-1.000000000000000000e+00,-1.000000000000000000e+00,-1.000000000000000000e+00,-1.000000000000000000e+00,-1.000000000000000000e+00,-1.000000000000000000e+00,-1.000000000000000000e+00,-1.000000000000000000e+00,-1.000000000000000000e+00,-1.000000000000000000e+00,-1.000000000000000000e+00,-1.000000000000000000e+00,-1.000000000000000000e+00,-1.000000000000000000e+00,-1.000000000000000000e+00,-1.000000000000000000e+00,-1.000000000000000000e+00
-1.000000000000000000e+00,-1.000000000000000000e+00,-1.000000000000000000e+00,-1.000000000000000000e+00,-1.000000000000000000e+00,-1.000000000000000000e+00,-1.000000000000000000e+00,-1.000000000000000000e+00,5.054687500000000222e-01,2.736111111111111382e-01,-1.000000000000000000e+00,-1.000000000000000000e+00,-1.000000000000000000e+00,-1.000000000000000000e+00,-1.000000000000000000e+00,-1.000000000000000000e+00,-1.000000000000000000e+00,-1.000000000000000000e+00,-1.000000000000000000e+00,-1.000000000000000000e+00,-1.000000000000000000e+00,-1.000000000000000000e+00,-1.000000000000000000e+00,-1.000000000000000000e+00,-1.000000000000000000e+00,-1.000000000000000000e+00,1.031249999999999944e-01,2.930555555555555691e-01,-1.000000000000000000e+00,-1.000000000000000000e+00,-1.000000000000000000e+00,-1.000000000000000000e+00,-1.000000000000000000e+00,-1.000000000000000000e+00,-1.000000000000000000e+00,-1.000000000000000000e+00,-1.000000000000000000e+00,-1.000000000000000000e+00,-1.000000000000000000e+00,-1.000000000000000000e+00,-1.000000000000000000e+00,-1.000000000000000000e+00,-1.000000000000000000e+00,-1.000000000000000000e+00,-1.000000000000000000e+00,-1.000000000000000000e+00,-1.000000000000000000e+00,-1.000000000000000000e+00,-1.000000000000000000e+00,-1.000000000000000000e+00,-1.000000000000000000e+00,-1.000000000000000000e+00,-1.000000000000000000e+00,-1.000000000000000000e+00,-1.000000000000000000e+00,-1.000000000000000000e+00,-1.000000000000000000e+00,-1.000000000000000000e+00,-1.000000000000000000e+00,-1.000000000000000000e+00
-1.000000000000000000e+00,-1.000000000000000000e+00,-1.000000000000000000e+00,-1.000000000000000000e+00,3.835937500000000111e-01,2.930555555555555691e-01,5.187500000000000444e-01,2.930555555555555691e-01,5.179687499999999778e-01,2.736111111111111382e-01,-1.000000000000000000e+00,-1.000000000000000000e+00,-1.000000000000000000e+00,-1.000000000000000000e+00,-1.000000000000000000e+00,-1.000000000000000000e+00,-1.000000000000000000e+00,-1.000000000000000000e+00,-1.000000000000000000e+00,-1.000000000000000000e+00,-1.000000000000000000e+00,-1.000000000000000000e+00,-1.000000000000000000e+00,-1.000000000000000000e+00,3.835937500000000111e-01,2.930555555555555691e-01,7.890624999999999722e-02,2.930555555555555691e-01,3.718750000000000111e-01,2.930555555555555691e-01,-1.000000000000000000e+00,-1.000000000000000000e+00,-1.000000000000000000e+00,-1.000000000000000000e+00,-1.000000000000000000e+00,-1.000000000000000000e+00,-1.000000000000000000e+00,-1.000000000000000000e+00,-1.000000000000000000e+00,-1.000000000000000000e+00,-1.000000000000000000e+00,-1.000000000000000000e+00,-1.000000000000000000e+00,-1.000000000000000000e+00,-1.000000000000000000e+00,-1.000000000000000000e+00,-1.000000000000000000e+00,-1.000000000000000000e+00,-1.000000000000000000e+00,-1.000000000000000000e+00,-1.000000000000000000e+00,-1.000000000000000000e+00,-1.000000000000000000e+00,-1.000000000000000000e+00,-1.000000000000000000e+00,-1.000000000000000000e+00,-1.000000000000000000e+00,-1.000000000000000000e+00,-1.000000000000000000e+00,-1.000000000000000000e+00
-1.000000000000000000e+00,-1.000000000000000000e+00,-1.000000000000000000e+00,-1.000000000000000000e+00,-1.000000000000000000e+00,-1.000000000000000000e+00,-1.000000000000000000e+00,-1.000000000000000000e+00,-1.000000000000000000e+00,-1.000000000000000000e+00,-1.000000000000000000e+00,-1.000000000000000000e+00,-1.000000000000000000e+00,-1.000000000000000000e+00,-1.000000000000000000e+00,-1.000000000000000000e+00,-1.000000000000000000e+00,-1.000000000000000000e+00,-1.000000000000000000e+00,-1.000000000000000000e+00,-1.000000000000000000e+00,-1.000000000000000000e+00,-1.000000000000000000e+00,-1.000000000000000000e+00,-1.000000000000000000e+00,-1.000000000000000000e+00,7.812500000000000000e-02,3.361111111111111382e-01,3.468749999999999889e-01,3.791666666666666519e-01,-1.000000000000000000e+00,-1.000000000000000000e+00,-1.000000000000000000e+00,-1.000000000000000000e+00,-1.000000000000000000e+00,-1.000000000000000000e+00,-1.000000000000000000e+00,-1.000000000000000000e+00,-1.000000000000000000e+00,-1.000000000000000000e+00,-1.000000000000000000e+00,-1.000000000000000000e+00,-1.000000000000000000e+00,-1.000000000000000000e+00,-1.000000000000000000e+00,-1.000000000000000000e+00,-1.000000000000000000e+00,-1.000000000000000000e+00,-1.000000000000000000e+00,-1.000000000000000000e+00,-1.000000000000000000e+00,-1.000000000000000000e+00,-1.000000000000000000e+00,-1.000000000000000000e+00,-1.000000000000000000e+00,-1.000000000000000000e+00,-1.000000000000000000e+00,-1.000000000000000000e+00,-1.000000000000000000e+00,-1.000000000000000000e+00
-1.000000000000000000e+00,-1.000000000000000000e+00,4.570312500000000000e-01,2.500000000000000000e-01,-1.000000000000000000e+00,-1.000000000000000000e+00,-1.000000000000000000e+00,-1.000000000000000000e+00,4.820312500000000222e-01,2.916666666666666852e-01,-1.000000000000000000e+00,-1.000000000000000000e+00,4.937500000000000222e-01,2.708333333333333148e-01,4.937500000000000222e-01,2.708333333333333148e-01,-1.000000000000000000e+00,-1.000000000000000000e+00,-1.000000000000000000e+00,-1.000000000000000000e+00,-1.000000000000000000e+00,-1.000000000000000000e+00,4.570312500000000000e-01,2.500000000000000000e-01,-1.000000000000000000e+00,-1.000000000000000000e+00,1.156250000000000056e-01,2.930555555555555691e-01,-1.000000000000000000e+00,-1.000000000000000000e+00,-1.000000000000000000e+00,-1.000000000000000000e+00,-1.000000000000000000e+00,-1.000000000000000000e+00,-1.000000000000000000e+00,-1.000000000000000000e+00,-1.000000000000000000e+00,-1.000000000000000000e+00,-1.000000000000000000e+00,-1.000000000000000000e+00,-1.000000000000000000e+00,-1.000000000000000000e+00,-1.000000000000000000e+00,-1.000000000000000000e+00,-1.000000000000000000e+00,-1.000000000000000000e+00,-1.000000000000000000e+00,-1.000000000000000000e+00,-1.000000000000000000e+00,-1.000000000000000000e+00,-1.000000000000000000e+00,-1.000000000000000000e+00,-1.000000000000000000e+00,-1.000000000000000000e+00,-1.000000000000000000e+00,-1.000000000000000000e+00,-1.000000000000000000e+00,-1.000000000000000000e+00,-1.000000000000000000e+00,-1.000000000000000000e+00
-1.000000000000000000e+00,-1.000000000000000000e+00,4.085937499999999778e-01,3.569444444444444531e-01,-1.000000000000000000e+00,-1.000000000000000000e+00,-1.000000000000000000e+00,-1.000000000000000000e+00,4.570312500000000000e-01,4.013888888888889062e-01,-1.000000000000000000e+00,-1.000000000000000000e+00,4.570312500000000000e-01,3.597222222222222210e-01,4.570312500000000000e-01,3.583333333333333370e-01,-1.000000000000000000e+00,-1.000000000000000000e+00,-1.000000000000000000e+00,-1.000000000000000000e+00,-1.000000000000000000e+00,-1.000000000000000000e+00,4.085937499999999778e-01,3.569444444444444531e-01,-1.000000000000000000e+00,-1.000000000000000000e+00,1.273437500000000056e-01,3.361111111111111382e-01,-1.000000000000000000e+00,-1.000000000000000000e+00,-1.000000000000000000e+00,-1.000000000000000000e+00,-1.000000000000000000e+00,-1.000000000000000000e+00,-1.000000000000000000e+00,-1.000000000000000000e+00,-1.000000000000000000e+00,-1.000000000000000000e+00,-1.000000000000000000e+00,-1.000000000000000000e+00,-1.000000000000000000e+00,-1.000000000000000000e+00,-1.000000000000000000e+00,-1.000000000000000000e+00,-1.000000000000000000e+00,-1.000000000000000000e+00,-1.000000000000000000e+00,-1.000000000000000000e+00,-1.000000000000000000e+00,-1.000000000000000000e+00,-1.000000000000000000e+00,-1.000000000000000000e+00,-1.000000000000000000e+00,-1.000000000000000000e+00,-1.000000000000000000e+00,-1.000000000000000000e+00,-1.000000000000000000e+00,-1.000000000000000000e+00,-1.000000000000000000e+00,-1.000000000000000000e+00
-1.000000000000000000e+00,-1.000000000000000000e+00,-1.000000000000000000e+00,-1.000000000000000000e+00,4.078125000000000222e-01,2.930555555555555691e-01,5.054687500000000222e-01,2.930555555555555691e-01,5.054687500000000222e-01,2.736111111111111382e-01,-1.000000000000000000e+00,-1.000000000000000000e+00,-1.000000000000000000e+00,-1.000000000000000000e+00,-1.000000000000000000e+00,-1.000000000000000000e+00,-1.000000000000000000e+00,-1.000000000000000000e+00,4.695312500000000111e-01,2.513888888888888840e-01,1.156250000000000056e-01,5.527777777777778123e-01,-1.000000000000000000e+00,-1.000000000000000000e+00,4.078125000000000222e-01,2.930555555555555691e-01,1.031249999999999944e-01,2.930555555555555691e-01,3.960937500000000222e-01,2.930555555555555691e-01,4.203124999999999778e-01,2.916666666666666852e-01,4.445312499999999889e-01,2.930555555555555691e-01,5.179687499999999778e-01,2.486111111111111160e-01,-1.000000000000000000e+00,-1.000000000000000000e+00,-1.000000000000000000e+00,-1.000000000000000000e+00,-1.000000000000000000e+00,-1.000000000000000000e+00,-1.000000000000000000e+00,-1.000000000000000000e+00,-1.000000000000000000e+00,-1.000000000000000000e+00,-1.000000000000000000e+00,-1.000000000000000000e+00,-1.000000000000000000e+00,-1.000000000000000000e+00,-1.000000000000000000e+00,-1.000000000000000000e+00,-1.000000000000000000e+00,-1.000000000000000000e+00,-1.000000000000000000e+00,-1.000000000000000000e+00,-1.000000000000000000e+00,-1.000000000000000000e+00,-1.000000000000000000e+00,-1.000000000000000000e+00
-1.000000000000000000e+00,-1.000000000000000000e+00,-1.000000000000000000e+00,-1.000000000000000000e+00,3.835937500000000111e-01,4.888888888888888729e-01,5.289062500000000222e-01,5.097222222222221877e-01,5.187500000000000444e-01,5.097222222222221877e-01,-1.000000000000000000e+00,-1.000000000000000000e+00,-1.000000000000000000e+00,-1.000000000000000000e+00,-1.000000000000000000e+00,-1.000000000000000000e+00,-1.000000000000000000e+00,-1.000000000000000000e+00,4.453125000000000000e-01,5.111111111111110716e-01,-1.000000000000000000e+00,-1.000000000000000000e+00,-1.000000000000000000e+00,-1.000000000000000000e+00,3.835937500000000111e-01,4.888888888888888729e-01,9.062499999999999722e-02,3.805555555555555358e-01,3.710937500000000000e-01,5.083333333333333037e-01,4.570312500000000000e-01,4.902777777777777568e-01,4.937500000000000222e-01,5.083333333333333037e-01,5.054687500000000222e-01,4.888888888888888729e-01,-1.000000000000000000e+00,-1.000000000000000000e+00,-1.000000000000000000e+00,-1.000000000000000000e+00,-1.000000000000000000e+00,-1.000000000000000000e+00,-1.000000000000000000e+00,-1.000000000000000000e+00,-1.000000000000000000e+00,-1.000000000000000000e+00,-1.000000000000000000e+00,-1.000000000000000000e+00,-1.000000000000000000e+00,-1.000000000000000000e+00,-1.000000000000000000e+00,-1.000000000000000000e+00,-1.000000000000000000e+00,-1.000000000000000000e+00,-1.000000000000000000e+00,-1.000000000000000000e+00,-1.000000000000000000e+00,-1.000000000000000000e+00,-1.000000000000000000e+00,-1.000000000000000000e+00
-1.000000000000000000e+00,-1.000000000000000000e+00,-1.000000000000000000e+00,-1.000000000000000000e+00,3.593750000000000000e-01,6.624999999999999778e-01,5.054687500000000222e-01,7.055555555555556024e-01,4.945312499999999778e-01,7.055555555555556024e-01,-1.000000000000000000e+00,-1.000000000000000000e+00,-1.000000000000000000e+00,-1.000000000000000000e+00,-1.000000000000000000e+00,-1.000000000000000000e+00,-1.000000000000000000e+00,-1.000000000000000000e+00,4.203124999999999778e-01,6.847222222222222321e-01,-1.000000000000000000e+00,-1.000000000000000000e+00,-1.000000000000000000e+00,-1.000000000000000000e+00,3.593750000000000000e-01,6.624999999999999778e-01,7.890624999999999722e-02,4.458333333333333592e-01,3.468749999999999889e-01,6.638888888888888618e-01,4.203124999999999778e-01,6.638888888888888618e-01,4.562499999999999889e-01,7.055555555555556024e-01,4.687500000000000000e-01,6.847222222222222321e-01,-1.000000000000000000e+00,-1.000000000000000000e+00,-1.000000000000000000e+00,-1.000000000000000000e+00,-1.000000000000000000e+00,-1.000000000000000000e+00,-1.000000000000000000e+00,-1.000000000000000000e+00,-1.000000000000000000e+00,-1.000000000000000000e+00,-1.000000000000000000e+00,-1.000000000000000000e+00,-1.000000000000000000e+00,-1.000000000000000000e+00,-1.000000000000000000e+00,-1.000000000000000000e+00,-1.000000000000000000e+00,-1.000000000000000000e+00,-1.000000000000000000e+00,-1.000000000000000000e+00,-1.000000000000000000e+00,-1.000000000000000000e+00,-1.000000000000000000e+00,-1.000000000000000000e+00
-1.000000000000000000e+00,-1.000000000000000000e+00,-1.000000000000000000e+00,-1.000000000000000000e+00,4.078125000000000222e-01,2.930555555555555691e-01,5.054687500000000222e-01,2.930555555555555691e-01,5.054687500000000222e-01,2.736111111111111382e-01,-1.000000000000000000e+00,-1.000000000000000000e+00,-1.000000000000000000e+00,-1.000000000000000000e+00,-1.000000000000000000e+00,-1.000000000000000000e+00,-1.000000000000000000e+00,-1.000000000000000000e+00,4.695312500000000111e-01,2.513888888888888840e-01,1.156250000000000056e-01,5.527777777777778123e-01,-1.000000000000000000e+00,-1.000000000000000000e+00,4.078125000000000222e-01,2.930555555555555691e-01,1.031249999999999944e-01,2.930555555555555691e-01,3.960937500000000222e-01,2.930555555555555691e-01,4.203124999999999778e-01,2.916666666666666852e-01,4.445312499999999889e-01,2.930555555555555691e-01,5.179687499999999778e-01,2.486111111111111160e-01,-1.000000000000000000e+00,-1.000000000000000000e+00,-1.000000000000000000e+00,-1.000000000000000000e+00,-1.000000000000000000e+00,-1.000000000000000000e+00,-1.000000000000000000e+00,-1.000000000000000000e+00,-1.000000000000000000e+00,-1.000000000000000000e+00,-1.000000000000000000e+00,-1.000000000000000000e+00,-1.000000000000000000e+00,-1.000000000000000000e+00,-1.000000000000000000e+00,-1.000000000000000000e+00,-1.000000000000000000e+00,-1.000000000000000000e+00,-1.000000000000000000e+00,-1.000000000000000000e+00,-1.000000000000000000e+00,-1.000000000000000000e+00,-1.000000000000000000e+00,-1.000000000000000000e+00
-1.000000000000000000e+00,-1.000000000000000000e+00,-1.000000000000000000e+00,-1.000000000000000000e+00,4.437499999999999778e-01,4.888888888888888729e-01,5.054687500000000222e-01,5.111111111111110716e-01,4.937500000000000222e-01,5.111111111111110716e-01,-1.000000000000000000e+00,-1.000000000000000000e+00,-1.000000000000000000e+00,-1.000000000000000000e+00,-1.000000000000000000e+00,-1.000000000000000000e+00,-1.000000000000000000e+00,-1.000000000000000000e+00,4.812500000000000111e-01,5.097222222222221877e-01,-1.000000000000000000e+00,-1.000000000000000000e+00,-1.000000000000000000e+00,-1.000000000000000000e+00,4.437499999999999778e-01,4.888888888888888729e-01,1.148437499999999944e-01,3.805555555555555358e-01,4.203124999999999778e-01,5.097222222222221877e-01,4.085937499999999778e-01,4.888888888888888729e-01,4.195312500000000222e-01,5.319444444444444420e-01,5.289062500000000222e-01,4.888888888888888729e-01,-1.000000000000000000e+00,-1.000000000000000000e+00,-1.000000000000000000e+00,-1.000000000000000000e+00,-1.000000000000000000e+00,-1.000000000000000000e+00,-1.000000000000000000e+00,-1.000000000000000000e+00,-1.000000000000000000e+00,-1.000000000000000000e+00,-1.000000000000000000e+00,-1.000000000000000000e+00,-1.000000000000000000e+00,-1.000000000000000000e+00,-1.000000000000000000e+00,-1.000000000000000000e+00,-1.000000000000000000e+00,-1.000000000000000000e+00,-1.000000000000000000e+00,-1.000000000000000000e+00,-1.000000000000000000e+00,-1.000000000000000000e+00,-1.000000000000000000e+00,-1.000000000000000000e+00
-1.000000000000000000e+00,-1.000000000000000000e+00,-1.000000000000000000e+00,-1.000000000000000000e+00,4.078125000000000222e-01,6.624999999999999778e-01,-1.000000000000000000e+00,-1.000000000000000000e+00,4.695312500000000111e-01,7.069444444444444864e-01,-1.000000000000000000e+00,-1.000000000000000000e+00,-1.000000000000000000e+00,-1.000000000000000000e+00,-1.000000000000000000e+00,-1.000000000000000000e+00,-1.000000000000000000e+00,-1.000000000000000000e+00,5.054687500000000222e-01,7.041666666666667185e-01,-1.000000000000000000e+00,-1.000000000000000000e+00,-1.000000000000000000e+00,-1.000000000000000000e+00,4.078125000000000222e-01,6.624999999999999778e-01,1.148437499999999944e-01,4.472222222222222432e-01,4.085937499999999778e-01,7.069444444444444864e-01,3.710937500000000000e-01,6.624999999999999778e-01,3.718750000000000111e-01,7.055555555555556024e-01,5.046874999999999556e-01,7.055555555555556024e-01,-1.000000000000000000e+00,-1.000000000000000000e+00,-1.000000000000000000e+00,-1.000000000000000000e+00,-1.000000000000000000e+00,-1.000000000000000000e+00,-1.000000000000000000e+00,-1.000000000000000000e+00,-1.000000000000000000e+00,-1.000000000000000000e+00,-1.000000000000000000e+00,-1.000000000000000000e+00,-1.000000000000000000e+00,-1.000000000000000000e+00,-1.000000000000000000e+00,-1.000000000000000000e+00,-1.000000000000000000e+00,-1.000000000000000000e+00,-1.000000000000000000e+00,-1.000000000000000000e+00,-1.000000000000000000e+00,-1.000000000000000000e+00,-1.000000000000000000e+00,-1.000000000000000000e+00
-1.000000000000000000e+00,-1.000000000000000000e+00,-1.000000000000000000e+00,-1.000000000000000000e+00,4.078125000000000222e-01,2.930555555555555691e-01,-1.000000000000000000e+00,-1.000000000000000000e+00,5.054687500000000222e-01,2.736111111111111382e-01,-1.000000000000000000e+00,-1.000000000000000000e+00,-1.000000000000000000e+00,-1.000000000000000000e+00,-1.000000000000000000e+00,-1.000000000000000000e+00,-1.000000000000000000e+00,-1.000000000000000000e+00,4.695312500000000111e-01,2.513888888888888840e-01,-1.000000000000000000e+00,-1.000000000000000000e+00,-1.000000000000000000e+00,-1.000000000000000000e+00,4.078125000000000222e-01,2.930555555555555691e-01,1.031249999999999944e-01,2.930555555555555691e-01,3.960937500000000222e-01,2.930555555555555691e-01,4.203124999999999778e-01,2.916666666666666852e-01,4.445312499999999889e-01,2.930555555555555691e-01,5.179687499999999778e-01,2.486111111111111160e-01,-1.000000000000000000e+00,-1.000000000000000000e+00,-1.000000000000000000e+00,-1.000000000000000000e+00,-1.000000000000000000e+00,-1.000000000000000000e+00,-1.000000000000000000e+00,-1.000000000000000000e+00,-1.000000000000000000e+00,-1.000000000000000000e+00,-1.000000000000000000e+00,-1.000000000000000000e+00,-1.000000000000000000e+00,-1.000000000000000000e+00,-1.000000000000000000e+00,-1.000000000000000000e+00,-1.000000000000000000e+00,-1.000000000000000000e+00,-1.000000000000000000e+00,-1.000000000000000000e+00,-1.000000000000000000e+00,-1.000000000000000000e+00,-1.000000000000000000e+00,-1.000000000000000000e+00
-1.000000000000000000e+00,-1.000000000000000000e+00,-1.000000000000000000e+00,-1.000000000000000000e+00,3.835937500000000111e-01,2.069444444444444309e-01,-1.000000000000000000e+00,-1.000000000000000000e+00,-1.000000000000000000e+00,-1.000000000000000000e+00,-1.000000000000000000e+00,-1.000000000000000000e+00,-1.000000000000000000e+00,-1.000000000000000000e+00,-1.000000000000000000e+00,-1.000000000000000000e+00,-1.000000000000000000e+00,-1.000000000000000000e+00,-1.000000000000000000e+00,-1.000000000000000000e+00,-1.000000000000000000e+00,-1.000000000000000000e+00,-1.000000000000000000e+00,-1.000000000000000000e+00,3.835937500000000111e-01,2.069444444444444309e-01,1.023437499999999972e-01,2.708333333333333148e-01,-1.000000000000000000e+00,-1.000000000000000000e+00,3.960937500000000222e-01,2.055555555555555469e-01,4.085937499999999778e-01,2.069444444444444309e-01,-1.000000000000000000e+00,-1.000000000000000000e+00,-1.000000000000000000e+00,-1.000000000000000000e+00,-1.000000000000000000e+00,-1.000000000000000000e+00,-1.000000000000000000e+00,-1.000000000000000000e+00,-1.000000000000000000e+00,-1.000000000000000000e+00,-1.000000000000000000e+00,-1.000000000000000000e+00,-1.000000000000000000e+00,-1.000000000000000000e+00,-1.000000000000000000e+00,-1.000000000000000000e+00,-1.000000000000000000e+00,-1.000000000000000000e+00,-1.000000000000000000e+00,-1.000000000000000000e+00,-1.000000000000000000e+00,-1.000000000000000000e+00,-1.000000000000000000e+00,-1.000000000000000000e+00,-1.000000000000000000e+00,-1.000000000000000000e+00
-1.000000000000000000e+00,-1.000000000000000000e+00,-1.000000000000000000e+00,-1.000000000000000000e+00,-1.000000000000000000e+00,-1.000000000000000000e+00,-1.000000000000000000e+00,-1.000000000000000000e+00,-1.000000000000000000e+00,-1.000000000000000000e+00,-1.000000000000000000e+00,-1.000000000000000000e+00,-1.000000000000000000e+00,-1.000000000000000000e+00,-1.000000000000000000e+00,-1.000000000000000000e+00,-1.000000000000000000e+00,-1.000000000000000000e+00,-1.000000000000000000e+00,-1.000000000000000000e+00,-1.000000000000000000e+00,-1.000000000000000000e+00,-1.000000000000000000e+00,-1.000000000000000000e+00,-1.000000000000000000e+00,-1.000000000000000000e+00,9.140624999999999445e-02,2.500000000000000000e-01,-1.000000000000000000e+00,-1.000000000000000000e+00,-1.000000000000000000e+00,-1.000000000000000000e+00,-1.000000000000000000e+00,-1.000000000000000000e+00,-1.000000000000000000e+00,-1.000000000000000000e+00,-1.000000000000000000e+00,-1.000000000000000000e+00,-1.000000000000000000e+00,-1.000000000000000000e+00,-1.000000000000000000e+00,-1.000000000000000000e+00,-1.000000000000000000e+00,-1.000000000000000000e+00,-1.000000000000000000e+00,-1.000000000000000000e+00,-1.000000000000000000e+00,-1.000000000000000000e+00,-1.000000000000000000e+00,-1.000000000000000000e+00,-1.000000000000000000e+00,-1.000000000000000000e+00,-1.000000000000000000e+00,-1.000000000000000000e+00,-1.000000000000000000e+00,-1.000000000000000000e+00,-1.000000000000000000e+00,-1.000000000000000000e+00,-1.000000000000000000e+00,-1.000000000000000000e+00
-1.000000000000000000e+00,-1.000000000000000000e+00,-1.000000000000000000e+00,-1.000000000000000000e+00,3.835937500000000111e-01,2.069444444444444309e-01,-1.000000000000000000e+00,-1.000000000000000000e+00,4.570312500000000000e-01,2.055555555555555469e-01,-1.000000000000000000e+00,-1.000000000000000000e+00,-1.000000000000000000e+00,-1.000000000000000000e+00,-1.000000000000000000e+00,-1.000000000000000000e+00,-1.000000000000000000e+00,-1.000000000000000000e+00,4.320312499999999778e-01,2.041666666666666630e-01,-1.000000000000000000e+00,-1.000000000000000000e+00,-1.000000000000000000e+00,-1.000000000000000000e+00,3.835937500000000111e-01,2.069444444444444309e-01,1.023437499999999972e-01,2.708333333333333148e-01,3.835937500000000111e-01,2.055555555555555469e-01,3.960937500000000222e-01,2.055555555555555469e-01,4.085937499999999778e-01,2.069444444444444309e-01,4.812500000000000111e-01,1.625000000000000056e-01,-1.000000000000000000e+00,-1.000000000000000000e+00,-1.000000000000000000e+00,-1.000000000000000000e+00,-1.000000000000000000e+00,-1.000000000000000000e+00,-1.000000000000000000e+00,-1.000000000000000000e+00,-1.000000000000000000e+00,-1.000000000000000000e+00,-1.000000000000000000e+00,-1.000000000000000000e+00,-1.000000000000000000e+00,-1.000000000000000000e+00,-1.000000000000000000e+00,-1.000000000000000000e+00,-1.000000000000000000e+00,-1.000000000000000000e+00,-1.000000000000000000e+00,-1.000000000000000000e+00,-1.000000000000000000e+00,-1.000000000000000000e+00,-1.000000000000000000e+00,-1.000000000000000000e+00
-1.000000000000000000e+00,-1.000000000000000000e+00,-1.000000000000000000e+00,-1.000000000000000000e+00,4.195312500000000222e-01,1.611111111111111216e-01,-1.000000000000000000e+00,-1.000000000000000000e+00,4.679687499999999889e-01,1.847222222222222321e-01,-1.000000000000000000e+00,-1.000000000000000000e+00,-1.000000000000000000e+00,-1.000000000000000000e+00,-1.000000000000000000e+00,-1.000000000000000000e+00,-1.000000000000000000e+00,-1.000000000000000000e+00,4.445312499999999889e-01,1.625000000000000056e-01,-1.000000000000000000e+00,-1.000000000000000000e+00,-1.000000000000000000e+00,-1.000000000000000000e+00,4.195312500000000222e-01,1.611111111111111216e-01,1.031249999999999944e-01,2.500000000000000000e-01,-1.000000000000000000e+00,-1.000000000000000000e+00,4.078125000000000222e-01,1.847222222222222321e-01,4.203124999999999778e-01,2.041666666666666630e-01,4.820312500000000222e-01,1.416666666666666630e-01,-1.000000000000000000e+00,-1.000000000000000000e+00,-1.000000000000000000e+00,-1.000000000000000000e+00,-1.000000000000000000e+00,-1.000000000000000000e+00,-1.000000000000000000e+00,-1.000000000000000000e+00,-1.000000000000000000e+00,-1.000000000000000000e+00,-1.000000000000000000e+00,-1.000000000000000000e+00,-1.000000000000000000e+00,-1.000000000000000000e+00,-1.000000000000000000e+00,-1.000000000000000000e+00,-1.000000000000000000e+00,-1.000000000000000000e+00,-1.000000000000000000e+00,-1.000000000000000000e+00,-1.000000000000000000e+00,-1.000000000000000000e+00,-1.000000000000000000e+00,-1.000000000000000000e+00
-1.000000000000000000e+00,-1.000000000000000000e+00,-1.000000000000000000e+00,-1.000000000000000000e+00,-1.000000000000000000e+00,-1.000000000000000000e+00,-1.000000000000000000e+00,-1.000000000000000000e+00,-1.000000000000000000e+00,-1.000000000000000000e+00,-1.000000000000000000e+00,-1.000000000000000000e+00,-1.000000000000000000e+00,-1.000000000000000000e+00,-1.000000000000000000e+00,-1.000000000000000000e+00,-1.000000000000000000e+00,-1.000000000000000000e+00,-1.000000000000000000e+00,-1.000000000000000000e+00,-1.000000000000000000e+00,-1.000000000000000000e+00,-1.000000000000000000e+00,-1.000000000000000000e+00,-1.000000000000000000e+00,-1.000000000000000000e+00,-1.000000000000000000e+00,-1.000000000000000000e+00,-1.000000000000000000e+00,-1.000000000000000000e+00,-1.000000000000000000e+00,-1.000000000000000000e+00,-1.000000000000000000e+00,-1.000000000000000000e+00,-1.000000000000000000e+00,-1.000000000000000000e+00,-1.000000000000000000e+00,-1.000000000000000000e+00,-1.000000000000000000e+00,-1.000000000000000000e+00,-1.000000000000000000e+00,-1.000000000000000000e+00,-1.000000000000000000e+00,-1.000000000000000000e+00,-1.000000000000000000e+00,-1.000000000000000000e+00,-1.000000000000000000e+00,-1.000000000000000000e+00,-1.000000000000000000e+00,-1.000000000000000000e+00,-1.000000000000000000e+00,-1.000000000000000000e+00,-1.000000000000000000e+00,-1.000000000000000000e+00,-1.000000000000000000e+00,-1.000000000000000000e+00,-1.000000000000000000e+00,-1.000000000000000000e+00,-1.000000000000000000e+00,-1.000000000000000000e+00
-1.000000000000000000e+00,-1.000000000000000000e+00,-1.000000000000000000e+00,-1.000000000000000000e+00,-1.000000000000000000e+00,-1.000000000000000000e+00,-1.000000000000000000e+00,-1.000000000000000000e+00,-1.000000000000000000e+00,-1.000000000000000000e+00,-1.000000000000000000e+00,-1.000000000000000000e+00,-1.000000000000000000e+00,-1.000000000000000000e+00,-1.000000000000000000e+00,-1.000000000000000000e+00,-1.000000000000000000e+00,-1.000000000000000000e+00,-1.000000000000000000e+00,-1.000000000000000000e+00,-1.000000000000000000e+00,-1.000000000000000000e+00,-1.000000000000000000e+00,-1.000000000000000000e+00,-1.000000000000000000e+00,-1.000000000000000000e+00,-1.000000000000000000e+00,-1.000000000000000000e+00,-1.000000000000000000e+00,-1.000000000000000000e+00,-1.000000000000000000e+00,-1.000000000000000000e+00,-1.000000000000000000e+00,-1.000000000000000000e+00,-1.000000000000000000e+00,-1.000000000000000000e+00,-1.000000000000000000e+00,-1.000000000000000000e+00,-1.000000000000000000e+00,-1.000000000000000000e+00,-1.000000000000000000e+00,-1.000000000000000000e+00,-1.000000000000000000e+00,-1.000000000000000000e+00,-1.000000000000000000e+00,-1.000000000000000000e+00,-1.000000000000000000e+00,-1.000000000000000000e+00,-1.000000000000000000e+00,-1.000000000000000000e+00,-1.000000000000000000e+00,-1.000000000000000000e+00,-1.000000000000000000e+00,-1.000000000000000000e+00,-1.000000000000000000e+00,-1.000000000000000000e+00,-1.000000000000000000e+00,-1.000000000000000000e+00,-1.000000000000000000e+00,-1.000000000000000000e+00
