5.888888888888889062e-01,3.791666666666666519e-01,5.583333333333333481e-01,3.354166666666666408e-01,-1.000000000000000000e+00,-1.000000000000000000e+00,5.277777777777777901e-01,3.541666666666666852e-01,5.416666666666666297e-01,3.375000000000000222e-01,5.416666666666666297e-01,3.583333333333333370e-01,5.416666666666666297e-01,3.791666666666666519e-01,5.416666666666666297e-01,3.770833333333333259e-01,5.305555555555555580e-01,3.770833333333333259e-01,5.416666666666666297e-01,3.791666666666666519e-01,5.430555555555555136e-01,3.791666666666666519e-01,3.250000000000000111e-01,3.145833333333333259e-01,5.416666666666666297e-01,3.770833333333333259e-01,5.305555555555555580e-01,3.791666666666666519e-01,5.430555555555555136e-01,3.375000000000000222e-01,5.555555555555555802e-01,3.354166666666666408e-01,5.569444444444444642e-01,3.375000000000000222e-01,5.583333333333333481e-01,3.375000000000000222e-01,5.847222222222222543e-01,3.791666666666666519e-01,5.888888888888889062e-01,3.791666666666666519e-01,5.708333333333333037e-01,3.354166666666666408e-01,-1.000000000000000000e+00,-1.000000000000000000e+00,-1.000000000000000000e+00,-1.000000000000000000e+00,-1.000000000000000000e+00,-1.000000000000000000e+00,-1.000000000000000000e+00,-1.000000000000000000e+00,-1.000000000000000000e+00,-1.000000000000000000e+00,-1.000000000000000000e+00,-1.000000000000000000e+00,-1.000000000000000000e+00,-1.000000000000000000e+00,-1.000000000000000000e+00,-1.000000000000000000e+00,-1.000000000000000000e+00,-1.000000000000000000e+00
5.888888888888889062e-01,3.791666666666666519e-01,5.583333333333333481e-01,3.354166666666666408e-01,-1.000000000000000000e+00,-1.000000000000000000e+00,5.277777777777777901e-01,3.541666666666666852e-01,5.416666666666666297e-01,3.375000000000000222e-01,5.416666666666666297e-01,3.583333333333333370e-01,5.416666666666666297e-01,3.791666666666666519e-01,5.416666666666666297e-01,3.770833333333333259e-01,5.305555555555555580e-01,3.770833333333333259e-01,5.416666666666666297e-01,3.791666666666666519e-01,5.430555555555555136e-01,3.791666666666666519e-01,3.250000000000000111e-01,3.145833333333333259e-01,5.416666666666666297e-01,3.770833333333333259e-01,5.305555555555555580e-01,3.791666666666666519e-01,5.430555555555555136e-01,3.375000000000000222e-01,5.555555555555555802e-01,3.354166666666666408e-01,5.569444444444444642e-01,3.375000000000000222e-01,5.583333333333333481e-01,3.375000000000000222e-01,5.847222222222222543e-01,3.791666666666666519e-01,5.888888888888889062e-01,3.791666666666666519e-01,5.708333333333333037e-01,3.354166666666666408e-01,-1.000000000000000000e+00,-1.000000000000000000e+00,-1.000000000000000000e+00,-1.000000000000000000e+00,-1.000000000000000000e+00,-1.000000000000000000e+00,-1.000000000000000000e+00,-1.000000000000000000e+00,-1.000000000000000000e+00,-1.000000000000000000e+00,-1.000000000000000000e+00,-1.000000000000000000e+00,-1.000000000000000000e+00,-1.000000000000000000e+00,-1.000000000000000000e+00,-1.000000000000000000e+00,-1.000000000000000000e+00,-1.000000000000000000e+00
-1.000000000000000000e+00,-1.000000000000000000e+00,5.416666666666666297e-01,3.354166666666666408e-01,-1.000000000000000000e+00,-1.000000000000000000e+00,4.986111111111111160e-01,3.375000000000000222e-01,5.013888888888888840e-01,3.354166666666666408e-01,5.444444444444443976e-01,3.791666666666666519e-01,5.583333333333333481e-01,3.791666666666666519e-01,5.569444444444444642e-01,3.791666666666666519e-01,5.569444444444444642e-01,3.812499999999999778e-01,5.569444444444444642e-01,3.812499999999999778e-01,5.583333333333333481e-01,3.791666666666666519e-01,-1.000000000000000000e+00,-1.000000000000000000e+00,5.569444444444444642e-01,3.791666666666666519e-01,5.569444444444444642e-01,3.812499999999999778e-01,5.444444444444443976e-01,3.791666666666666519e-01,5.152777777777777235e-01,3.354166666666666408e-01,5.277777777777777901e-01,3.375000000000000222e-01,5.291666666666666741e-01,3.354166666666666408e-01,6.027777777777777457e-01,3.770833333333333259e-01,-1.000000000000000000e+00,-1.000000000000000000e+00,5.430555555555555136e-01,3.354166666666666408e-01,-1.000000000000000000e+00,-1.000000000000000000e+00,-1.000000000000000000e+00,-1.000000000000000000e+00,-1.000000000000000000e+00,-1.000000000000000000e+00,-1.000000000000000000e+00,-1.000000000000000000e+00,-1.000000000000000000e+00,-1.000000000000000000e+00,-1.000000000000000000e+00,-1.000000000000000000e+00,-1.000000000000000000e+00,-1.000000000000000000e+00,-1.000000000000000000e+00,-1.000000000000000000e+00,-1.000000000000000000e+00,-1.000000000000000000e+00
-1.000000000000000000e+00,-1.000000000000000000e+00,5.124999999999999556e-01,4.000000000000000222e-01,-1.000000000000000000e+00,-1.000000000000000000e+00,4.555555555555555469e-01,4.000000000000000222e-01,4.708333333333333259e-01,4.020833333333333481e-01,6.027777777777777457e-01,4.208333333333333370e-01,6.027777777777777457e-01,4.208333333333333370e-01,6.013888888888888618e-01,4.208333333333333370e-01,6.013888888888888618e-01,4.208333333333333370e-01,6.013888888888888618e-01,4.229166666666666630e-01,6.013888888888888618e-01,4.229166666666666630e-01,-1.000000000000000000e+00,-1.000000000000000000e+00,6.027777777777777457e-01,4.229166666666666630e-01,5.999999999999999778e-01,4.229166666666666630e-01,5.999999999999999778e-01,4.208333333333333370e-01,4.847222222222222210e-01,4.020833333333333481e-01,4.847222222222222210e-01,4.000000000000000222e-01,4.986111111111111160e-01,4.000000000000000222e-01,-1.000000000000000000e+00,-1.000000000000000000e+00,-1.000000000000000000e+00,-1.000000000000000000e+00,5.124999999999999556e-01,4.000000000000000222e-01,-1.000000000000000000e+00,-1.000000000000000000e+00,-1.000000000000000000e+00,-1.000000000000000000e+00,-1.000000000000000000e+00,-1.000000000000000000e+00,-1.000000000000000000e+00,-1.000000000000000000e+00,-1.000000000000000000e+00,-1.000000000000000000e+00,-1.000000000000000000e+00,-1.000000000000000000e+00,-1.000000000000000000e+00,-1.000000000000000000e+00,-1.000000000000000000e+00,-1.000000000000000000e+00,-1.000000000000000000e+00,-1.000000000000000000e+00
5.847222222222222543e-01,3.770833333333333259e-01,5.999999999999999778e-01,3.791666666666666519e-01,-1.000000000000000000e+00,-1.000000000000000000e+00,5.569444444444444642e-01,3.562500000000000111e-01,5.708333333333333037e-01,3.375000000000000222e-01,5.263888888888889062e-01,3.562500000000000111e-01,5.138888888888888395e-01,3.770833333333333259e-01,5.138888888888888395e-01,3.583333333333333370e-01,5.138888888888888395e-01,3.604166666666666630e-01,5.138888888888888395e-01,3.770833333333333259e-01,5.138888888888888395e-01,3.770833333333333259e-01,-1.000000000000000000e+00,-1.000000000000000000e+00,5.152777777777777235e-01,3.791666666666666519e-01,5.138888888888888395e-01,3.770833333333333259e-01,5.708333333333333037e-01,3.333333333333333148e-01,5.847222222222222543e-01,3.375000000000000222e-01,5.861111111111111382e-01,3.375000000000000222e-01,5.999999999999999778e-01,3.562500000000000111e-01,5.569444444444444642e-01,3.791666666666666519e-01,5.847222222222222543e-01,3.770833333333333259e-01,6.013888888888888618e-01,3.770833333333333259e-01,-1.000000000000000000e+00,-1.000000000000000000e+00,-1.000000000000000000e+00,-1.000000000000000000e+00,-1.000000000000000000e+00,-1.000000000000000000e+00,-1.000000000000000000e+00,-1.000000000000000000e+00,-1.000000000000000000e+00,-1.000000000000000000e+00,-1.000000000000000000e+00,-1.000000000000000000e+00,-1.000000000000000000e+00,-1.000000000000000000e+00,-1.000000000000000000e+00,-1.000000000000000000e+00,-1.000000000000000000e+00,-1.000000000000000000e+00
5.430555555555555136e-01,4.249999999999999889e-01,5.875000000000000222e-01,4.458333333333333592e-01,-1.000000000000000000e+00,-1.000000000000000000e+00,6.013888888888888618e-01,3.812499999999999778e-01,6.138888888888889284e-01,4.000000000000000222e-01,-1.000000000000000000e+00,-1.000000000000000000e+00,4.833333333333333370e-01,4.020833333333333481e-01,4.833333333333333370e-01,4.020833333333333481e-01,4.708333333333333259e-01,4.020833333333333481e-01,4.722222222222222099e-01,4.020833333333333481e-01,4.833333333333333370e-01,4.020833333333333481e-01,-1.000000000000000000e+00,-1.000000000000000000e+00,4.847222222222222210e-01,4.020833333333333481e-01,4.722222222222222099e-01,4.020833333333333481e-01,5.861111111111111382e-01,3.562500000000000111e-01,6.013888888888888618e-01,4.229166666666666630e-01,6.152777777777778123e-01,4.229166666666666630e-01,6.152777777777778123e-01,4.229166666666666630e-01,5.138888888888888395e-01,4.208333333333333370e-01,5.430555555555555136e-01,4.249999999999999889e-01,6.013888888888888618e-01,4.458333333333333592e-01,-1.000000000000000000e+00,-1.000000000000000000e+00,-1.000000000000000000e+00,-1.000000000000000000e+00,-1.000000000000000000e+00,-1.000000000000000000e+00,-1.000000000000000000e+00,-1.000000000000000000e+00,-1.000000000000000000e+00,-1.000000000000000000e+00,-1.000000000000000000e+00,-1.000000000000000000e+00,-1.000000000000000000e+00,-1.000000000000000000e+00,-1.000000000000000000e+00,-1.000000000000000000e+00,-1.000000000000000000e+00,-1.000000000000000000e+00
5.888888888888889062e-01,3.791666666666666519e-01,5.583333333333333481e-01,3.354166666666666408e-01,-1.000000000000000000e+00,-1.000000000000000000e+00,5.277777777777777901e-01,3.541666666666666852e-01,5.416666666666666297e-01,3.375000000000000222e-01,5.416666666666666297e-01,3.583333333333333370e-01,5.416666666666666297e-01,3.791666666666666519e-01,5.416666666666666297e-01,3.770833333333333259e-01,5.305555555555555580e-01,3.770833333333333259e-01,5.416666666666666297e-01,3.791666666666666519e-01,5.430555555555555136e-01,3.791666666666666519e-01,-1.000000000000000000e+00,-1.000000000000000000e+00,5.416666666666666297e-01,3.770833333333333259e-01,5.305555555555555580e-01,3.791666666666666519e-01,5.430555555555555136e-01,3.375000000000000222e-01,5.555555555555555802e-01,3.354166666666666408e-01,5.569444444444444642e-01,3.375000000000000222e-01,5.583333333333333481e-01,3.375000000000000222e-01,5.847222222222222543e-01,3.791666666666666519e-01,5.888888888888889062e-01,3.791666666666666519e-01,5.708333333333333037e-01,3.354166666666666408e-01,-1.000000000000000000e+00,-1.000000000000000000e+00,-1.000000000000000000e+00,-1.000000000000000000e+00,-1.000000000000000000e+00,-1.000000000000000000e+00,-1.000000000000000000e+00,-1.000000000000000000e+00,-1.000000000000000000e+00,-1.000000000000000000e+00,-1.000000000000000000e+00,-1.000000000000000000e+00,-1.000000000000000000e+00,-1.000000000000000000e+00,-1.000000000000000000e+00,-1.000000000000000000e+00,-1.000000000000000000e+00,-1.000000000000000000e+00
5.430555555555555136e-01,4.854166666666666630e-01,5.555555555555555802e-01,4.687500000000000000e-01,-1.000000000000000000e+00,-1.000000000000000000e+00,5.138888888888888395e-01,5.104166666666666297e-01,5.277777777777777901e-01,5.104166666666666297e-01,5.291666666666666741e-01,5.291666666666666741e-01,5.430555555555555136e-01,5.312500000000000000e-01,5.416666666666666297e-01,5.312500000000000000e-01,5.305555555555555580e-01,5.312500000000000000e-01,5.416666666666666297e-01,5.312500000000000000e-01,5.430555555555555136e-01,5.312500000000000000e-01,-1.000000000000000000e+00,-1.000000000000000000e+00,5.416666666666666297e-01,5.312500000000000000e-01,5.291666666666666741e-01,5.312500000000000000e-01,5.277777777777777901e-01,5.104166666666666297e-01,5.291666666666666741e-01,5.104166666666666297e-01,5.416666666666666297e-01,5.083333333333333037e-01,5.847222222222222543e-01,5.104166666666666297e-01,5.999999999999999778e-01,5.104166666666666297e-01,5.430555555555555136e-01,4.854166666666666630e-01,5.555555555555555802e-01,4.687500000000000000e-01,-1.000000000000000000e+00,-1.000000000000000000e+00,-1.000000000000000000e+00,-1.000000000000000000e+00,-1.000000000000000000e+00,-1.000000000000000000e+00,-1.000000000000000000e+00,-1.000000000000000000e+00,-1.000000000000000000e+00,-1.000000000000000000e+00,-1.000000000000000000e+00,-1.000000000000000000e+00,-1.000000000000000000e+00,-1.000000000000000000e+00,-1.000000000000000000e+00,-1.000000000000000000e+00,-1.000000000000000000e+00,-1.000000000000000000e+00
6.027777777777777457e-01,6.187500000000000222e-01,5.583333333333333481e-01,5.937500000000000000e-01,-1.000000000000000000e+00,-1.000000000000000000e+00,5.263888888888889062e-01,6.374999999999999556e-01,5.277777777777777901e-01,6.187500000000000222e-01,5.277777777777777901e-01,6.395833333333332815e-01,5.277777777777777901e-01,6.395833333333332815e-01,5.277777777777777901e-01,6.395833333333332815e-01,5.152777777777777235e-01,6.416666666666667185e-01,5.152777777777777235e-01,6.416666666666667185e-01,5.277777777777777901e-01,6.395833333333332815e-01,-1.000000000000000000e+00,-1.000000000000000000e+00,5.263888888888889062e-01,6.395833333333332815e-01,5.138888888888888395e-01,6.416666666666667185e-01,5.152777777777777235e-01,6.208333333333333481e-01,5.291666666666666741e-01,6.208333333333333481e-01,5.444444444444443976e-01,6.166666666666666963e-01,5.999999999999999778e-01,6.187500000000000222e-01,6.013888888888888618e-01,6.187500000000000222e-01,6.027777777777777457e-01,6.187500000000000222e-01,5.708333333333333037e-01,5.937500000000000000e-01,-1.000000000000000000e+00,-1.000000000000000000e+00,-1.000000000000000000e+00,-1.000000000000000000e+00,-1.000000000000000000e+00,-1.000000000000000000e+00,-1.000000000000000000e+00,-1.000000000000000000e+00,-1.000000000000000000e+00,-1.000000000000000000e+00,-1.000000000000000000e+00,-1.000000000000000000e+00,-1.000000000000000000e+00,-1.000000000000000000e+00,-1.000000000000000000e+00,-1.000000000000000000e+00,-1.000000000000000000e+00,-1.000000000000000000e+00
5.888888888888889062e-01,3.791666666666666519e-01,5.583333333333333481e-01,3.354166666666666408e-01,-1.000000000000000000e+00,-1.000000000000000000e+00,5.277777777777777901e-01,3.541666666666666852e-01,5.416666666666666297e-01,3.375000000000000222e-01,5.416666666666666297e-01,3.583333333333333370e-01,5.416666666666666297e-01,3.791666666666666519e-01,5.416666666666666297e-01,3.770833333333333259e-01,5.305555555555555580e-01,3.770833333333333259e-01,5.416666666666666297e-01,3.791666666666666519e-01,5.430555555555555136e-01,3.791666666666666519e-01,-1.000000000000000000e+00,-1.000000000000000000e+00,5.416666666666666297e-01,3.770833333333333259e-01,5.305555555555555580e-01,3.791666666666666519e-01,5.430555555555555136e-01,3.375000000000000222e-01,5.555555555555555802e-01,3.354166666666666408e-01,5.569444444444444642e-01,3.375000000000000222e-01,5.583333333333333481e-01,3.375000000000000222e-01,5.847222222222222543e-01,3.791666666666666519e-01,5.888888888888889062e-01,3.791666666666666519e-01,5.708333333333333037e-01,3.354166666666666408e-01,-1.000000000000000000e+00,-1.000000000000000000e+00,-1.000000000000000000e+00,-1.000000000000000000e+00,-1.000000000000000000e+00,-1.000000000000000000e+00,-1.000000000000000000e+00,-1.000000000000000000e+00,-1.000000000000000000e+00,-1.000000000000000000e+00,-1.000000000000000000e+00,-1.000000000000000000e+00,-1.000000000000000000e+00,-1.000000000000000000e+00,-1.000000000000000000e+00,-1.000000000000000000e+00,-1.000000000000000000e+00,-1.000000000000000000e+00
5.847222222222222543e-01,5.104166666666666297e-01,6.013888888888888618e-01,5.104166666666666297e-01,-1.000000000000000000e+00,-1.000000000000000000e+00,5.430555555555555136e-01,5.104166666666666297e-01,5.444444444444443976e-01,5.104166666666666297e-01,5.430555555555555136e-01,5.291666666666666741e-01,5.291666666666666741e-01,5.312500000000000000e-01,5.430555555555555136e-01,5.312500000000000000e-01,5.291666666666666741e-01,5.312500000000000000e-01,5.291666666666666741e-01,5.312500000000000000e-01,5.291666666666666741e-01,5.312500000000000000e-01,-1.000000000000000000e+00,-1.000000000000000000e+00,5.430555555555555136e-01,5.312500000000000000e-01,5.305555555555555580e-01,5.312500000000000000e-01,5.430555555555555136e-01,5.104166666666666297e-01,5.583333333333333481e-01,5.104166666666666297e-01,5.722222222222221877e-01,5.104166666666666297e-01,5.444444444444443976e-01,5.104166666666666297e-01,5.583333333333333481e-01,5.124999999999999556e-01,5.847222222222222543e-01,5.104166666666666297e-01,6.027777777777777457e-01,5.104166666666666297e-01,-1.000000000000000000e+00,-1.000000000000000000e+00,-1.000000000000000000e+00,-1.000000000000000000e+00,-1.000000000000000000e+00,-1.000000000000000000e+00,-1.000000000000000000e+00,-1.000000000000000000e+00,-1.000000000000000000e+00,-1.000000000000000000e+00,-1.000000000000000000e+00,-1.000000000000000000e+00,-1.000000000000000000e+00,-1.000000000000000000e+00,-1.000000000000000000e+00,-1.000000000000000000e+00,-1.000000000000000000e+00,-1.000000000000000000e+00
5.694444444444444198e-01,6.208333333333333481e-01,6.013888888888888618e-01,6.166666666666666963e-01,-1.000000000000000000e+00,-1.000000000000000000e+00,5.430555555555555136e-01,6.187500000000000222e-01,5.444444444444443976e-01,6.187500000000000222e-01,5.569444444444444642e-01,6.395833333333332815e-01,5.569444444444444642e-01,6.395833333333332815e-01,5.569444444444444642e-01,6.395833333333332815e-01,5.444444444444443976e-01,6.395833333333332815e-01,5.444444444444443976e-01,6.395833333333332815e-01,5.555555555555555802e-01,6.395833333333332815e-01,-1.000000000000000000e+00,-1.000000000000000000e+00,5.555555555555555802e-01,6.416666666666667185e-01,5.444444444444443976e-01,6.416666666666667185e-01,5.430555555555555136e-01,6.187500000000000222e-01,5.555555555555555802e-01,6.208333333333333481e-01,5.861111111111111382e-01,6.187500000000000222e-01,5.555555555555555802e-01,6.208333333333333481e-01,5.569444444444444642e-01,6.395833333333332815e-01,5.694444444444444198e-01,6.208333333333333481e-01,6.013888888888888618e-01,6.187500000000000222e-01,-1.000000000000000000e+00,-1.000000000000000000e+00,-1.000000000000000000e+00,-1.000000000000000000e+00,-1.000000000000000000e+00,-1.000000000000000000e+00,-1.000000000000000000e+00,-1.000000000000000000e+00,-1.000000000000000000e+00,-1.000000000000000000e+00,-1.000000000000000000e+00,-1.000000000000000000e+00,-1.000000000000000000e+00,-1.000000000000000000e+00,-1.000000000000000000e+00,-1.000000000000000000e+00,-1.000000000000000000e+00,-1.000000000000000000e+00
5.888888888888889062e-01,3.791666666666666519e-01,5.583333333333333481e-01,3.354166666666666408e-01,-1.000000000000000000e+00,-1.000000000000000000e+00,5.277777777777777901e-01,3.541666666666666852e-01,5.416666666666666297e-01,3.375000000000000222e-01,5.416666666666666297e-01,3.583333333333333370e-01,5.416666666666666297e-01,3.791666666666666519e-01,5.416666666666666297e-01,3.770833333333333259e-01,5.305555555555555580e-01,3.770833333333333259e-01,5.416666666666666297e-01,3.791666666666666519e-01,5.430555555555555136e-01,3.791666666666666519e-01,-1.000000000000000000e+00,-1.000000000000000000e+00,5.416666666666666297e-01,3.770833333333333259e-01,5.305555555555555580e-01,3.791666666666666519e-01,5.430555555555555136e-01,3.375000000000000222e-01,5.555555555555555802e-01,3.354166666666666408e-01,5.569444444444444642e-01,3.375000000000000222e-01,5.583333333333333481e-01,3.375000000000000222e-01,-1.000000000000000000e+00,-1.000000000000000000e+00,5.888888888888889062e-01,3.791666666666666519e-01,5.708333333333333037e-01,3.354166666666666408e-01,-1.000000000000000000e+00,-1.000000000000000000e+00,-1.000000000000000000e+00,-1.000000000000000000e+00,-1.000000000000000000e+00,-1.000000000000000000e+00,-1.000000000000000000e+00,-1.000000000000000000e+00,-1.000000000000000000e+00,-1.000000000000000000e+00,-1.000000000000000000e+00,-1.000000000000000000e+00,-1.000000000000000000e+00,-1.000000000000000000e+00,-1.000000000000000000e+00,-1.000000000000000000e+00,-1.000000000000000000e+00,-1.000000000000000000e+00
5.722222222222221877e-01,2.916666666666666852e-01,5.736111111111110716e-01,3.125000000000000000e-01,-1.000000000000000000e+00,-1.000000000000000000e+00,5.430555555555555136e-01,2.916666666666666852e-01,5.569444444444444642e-01,2.895833333333333592e-01,5.583333333333333481e-01,2.916666666666666852e-01,5.708333333333333037e-01,2.916666666666666852e-01,5.708333333333333037e-01,2.916666666666666852e-01,5.708333333333333037e-01,2.916666666666666852e-01,5.708333333333333037e-01,2.916666666666666852e-01,5.722222222222221877e-01,2.916666666666666852e-01,-1.000000000000000000e+00,-1.000000000000000000e+00,5.722222222222221877e-01,2.916666666666666852e-01,5.708333333333333037e-01,2.937500000000000111e-01,5.708333333333333037e-01,2.729166666666666408e-01,5.708333333333333037e-01,2.729166666666666408e-01,5.722222222222221877e-01,2.729166666666666408e-01,5.847222222222222543e-01,2.708333333333333148e-01,-1.000000000000000000e+00,-1.000000000000000000e+00,5.722222222222221877e-01,2.916666666666666852e-01,5.736111111111110716e-01,3.125000000000000000e-01,-1.000000000000000000e+00,-1.000000000000000000e+00,-1.000000000000000000e+00,-1.000000000000000000e+00,-1.000000000000000000e+00,-1.000000000000000000e+00,-1.000000000000000000e+00,-1.000000000000000000e+00,-1.000000000000000000e+00,-1.000000000000000000e+00,-1.000000000000000000e+00,-1.000000000000000000e+00,-1.000000000000000000e+00,-1.000000000000000000e+00,-1.000000000000000000e+00,-1.000000000000000000e+00,-1.000000000000000000e+00,-1.000000000000000000e+00
5.722222222222221877e-01,2.729166666666666408e-01,5.722222222222221877e-01,2.916666666666666852e-01,-1.000000000000000000e+00,-1.000000000000000000e+00,5.416666666666666297e-01,2.729166666666666408e-01,5.555555555555555802e-01,2.708333333333333148e-01,5.569444444444444642e-01,2.708333333333333148e-01,-1.000000000000000000e+00,-1.000000000000000000e+00,5.583333333333333481e-01,2.729166666666666408e-01,5.569444444444444642e-01,2.729166666666666408e-01,5.583333333333333481e-01,2.729166666666666408e-01,-1.000000000000000000e+00,-1.000000000000000000e+00,-1.000000000000000000e+00,-1.000000000000000000e+00,5.694444444444444198e-01,2.708333333333333148e-01,5.583333333333333481e-01,2.916666666666666852e-01,5.569444444444444642e-01,2.708333333333333148e-01,5.583333333333333481e-01,2.708333333333333148e-01,5.708333333333333037e-01,2.708333333333333148e-01,5.722222222222221877e-01,2.708333333333333148e-01,-1.000000000000000000e+00,-1.000000000000000000e+00,5.722222222222221877e-01,2.729166666666666408e-01,5.722222222222221877e-01,2.916666666666666852e-01,-1.000000000000000000e+00,-1.000000000000000000e+00,-1.000000000000000000e+00,-1.000000000000000000e+00,-1.000000000000000000e+00,-1.000000000000000000e+00,-1.000000000000000000e+00,-1.000000000000000000e+00,-1.000000000000000000e+00,-1.000000000000000000e+00,-1.000000000000000000e+00,-1.000000000000000000e+00,-1.000000000000000000e+00,-1.000000000000000000e+00,-1.000000000000000000e+00,-1.000000000000000000e+00,-1.000000000000000000e+00,-1.000000000000000000e+00
5.722222222222221877e-01,2.916666666666666852e-01,5.736111111111110716e-01,3.125000000000000000e-01,-1.000000000000000000e+00,-1.000000000000000000e+00,5.430555555555555136e-01,2.916666666666666852e-01,5.569444444444444642e-01,2.895833333333333592e-01,5.583333333333333481e-01,2.916666666666666852e-01,5.708333333333333037e-01,2.916666666666666852e-01,5.708333333333333037e-01,2.916666666666666852e-01,5.708333333333333037e-01,2.916666666666666852e-01,5.708333333333333037e-01,2.916666666666666852e-01,5.722222222222221877e-01,2.916666666666666852e-01,-1.000000000000000000e+00,-1.000000000000000000e+00,5.722222222222221877e-01,2.916666666666666852e-01,5.708333333333333037e-01,2.937500000000000111e-01,5.708333333333333037e-01,2.729166666666666408e-01,5.708333333333333037e-01,2.729166666666666408e-01,5.722222222222221877e-01,2.729166666666666408e-01,5.847222222222222543e-01,2.708333333333333148e-01,-1.000000000000000000e+00,-1.000000000000000000e+00,5.722222222222221877e-01,2.916666666666666852e-01,5.736111111111110716e-01,3.125000000000000000e-01,-1.000000000000000000e+00,-1.000000000000000000e+00,-1.000000000000000000e+00,-1.000000000000000000e+00,-1.000000000000000000e+00,-1.000000000000000000e+00,-1.000000000000000000e+00,-1.000000000000000000e+00,-1.000000000000000000e+00,-1.000000000000000000e+00,-1.000000000000000000e+00,-1.000000000000000000e+00,-1.000000000000000000e+00,-1.000000000000000000e+00,-1.000000000000000000e+00,-1.000000000000000000e+00,-1.000000000000000000e+00,-1.000000000000000000e+00
5.847222222222222543e-01,2.729166666666666408e-01,5.861111111111111382e-01,2.937500000000000111e-01,-1.000000000000000000e+00,-1.000000000000000000e+00,-1.000000000000000000e+00,-1.000000000000000000e+00,-1.000000000000000000e+00,-1.000000000000000000e+00,-1.000000000000000000e+00,-1.000000000000000000e+00,5.722222222222221877e-01,2.708333333333333148e-01,-1.000000000000000000e+00,-1.000000000000000000e+00,5.708333333333333037e-01,2.729166666666666408e-01,5.722222222222221877e-01,2.729166666666666408e-01,5.722222222222221877e-01,2.729166666666666408e-01,-1.000000000000000000e+00,-1.000000000000000000e+00,-1.000000000000000000e+00,-1.000000000000000000e+00,-1.000000000000000000e+00,-1.000000000000000000e+00,-1.000000000000000000e+00,-1.000000000000000000e+00,-1.000000000000000000e+00,-1.000000000000000000e+00,-1.000000000000000000e+00,-1.000000000000000000e+00,-1.000000000000000000e+00,-1.000000000000000000e+00,-1.000000000000000000e+00,-1.000000000000000000e+00,5.847222222222222543e-01,2.729166666666666408e-01,5.861111111111111382e-01,3.125000000000000000e-01,-1.000000000000000000e+00,-1.000000000000000000e+00,-1.000000000000000000e+00,-1.000000000000000000e+00,-1.000000000000000000e+00,-1.000000000000000000e+00,-1.000000000000000000e+00,-1.000000000000000000e+00,-1.000000000000000000e+00,-1.000000000000000000e+00,-1.000000000000000000e+00,-1.000000000000000000e+00,-1.000000000000000000e+00,-1.000000000000000000e+00,-1.000000000000000000e+00,-1.000000000000000000e+00,-1.000000000000000000e+00,-1.000000000000000000e+00
-1.000000000000000000e+00,-1.000000000000000000e+00,2.819444444444444420e-01,3.145833333333333259e-01,-1.000000000000000000e+00,-1.000000000000000000e+00,-1.000000000000000000e+00,-1.000000000000000000e+00,-1.000000000000000000e+00,-1.000000000000000000e+00,3.611111111111110772e-02,1.854166666666666741e-01,-1.000000000000000000e+00,-1.000000000000000000e+00,8.027777777777778123e-01,2.270833333333333315e-01,-1.000000000000000000e+00,-1.000000000000000000e+00,-1.000000000000000000e+00,-1.000000000000000000e+00,-1.000000000000000000e+00,-1.000000000000000000e+00,5.430555555555555136e-01,3.791666666666666519e-01,-1.000000000000000000e+00,-1.000000000000000000e+00,-1.000000000000000000e+00,-1.000000000000000000e+00,7.874999999999999778e-01,2.083333333333333426e-01,3.097222222222222321e-01,3.125000000000000000e-01,-1.000000000000000000e+00,-1.000000000000000000e+00,-1.000000000000000000e+00,-1.000000000000000000e+00,-1.000000000000000000e+00,-1.000000000000000000e+00,-1.000000000000000000e+00,-1.000000000000000000e+00,2.819444444444444420e-01,3.145833333333333259e-01,-1.000000000000000000e+00,-1.000000000000000000e+00,-1.000000000000000000e+00,-1.000000000000000000e+00,-1.000000000000000000e+00,-1.000000000000000000e+00,-1.000000000000000000e+00,-1.000000000000000000e+00,-1.000000000000000000e+00,-1.000000000000000000e+00,-1.000000000000000000e+00,-1.000000000000000000e+00,-1.000000000000000000e+00,-1.000000000000000000e+00,-1.000000000000000000e+00,-1.000000000000000000e+00,-1.000000000000000000e+00,-1.000000000000000000e+00
7.611111111111110716e-01,2.270833333333333315e-01,2.819444444444444420e-01,3.145833333333333259e-01,-1.000000000000000000e+00,-1.000000000000000000e+00,8.041666666666666963e-01,2.062499999999999889e-01,8.041666666666666963e-01,2.062499999999999889e-01,3.611111111111110772e-02,1.854166666666666741e-01,-1.000000000000000000e+00,-1.000000000000000000e+00,8.027777777777778123e-01,2.270833333333333315e-01,-1.000000000000000000e+00,-1.000000000000000000e+00,3.236111111111111271e-01,3.145833333333333259e-01,-1.000000000000000000e+00,-1.000000000000000000e+00,5.430555555555555136e-01,3.791666666666666519e-01,8.013888888888889284e-01,2.270833333333333315e-01,-1.000000000000000000e+00,-1.000000000000000000e+00,7.874999999999999778e-01,2.083333333333333426e-01,3.097222222222222321e-01,3.125000000000000000e-01,-1.000000000000000000e+00,-1.000000000000000000e+00,-1.000000000000000000e+00,-1.000000000000000000e+00,-1.000000000000000000e+00,-1.000000000000000000e+00,7.611111111111110716e-01,2.270833333333333315e-01,2.819444444444444420e-01,3.145833333333333259e-01,-1.000000000000000000e+00,-1.000000000000000000e+00,-1.000000000000000000e+00,-1.000000000000000000e+00,-1.000000000000000000e+00,-1.000000000000000000e+00,-1.000000000000000000e+00,-1.000000000000000000e+00,-1.000000000000000000e+00,-1.000000000000000000e+00,-1.000000000000000000e+00,-1.000000000000000000e+00,-1.000000000000000000e+00,-1.000000000000000000e+00,-1.000000000000000000e+00,-1.000000000000000000e+00,-1.000000000000000000e+00,-1.000000000000000000e+00
-1.000000000000000000e+00,-1.000000000000000000e+00,2.541666666666666519e-01,3.333333333333333148e-01,-1.000000000000000000e+00,-1.000000000000000000e+00,-1.000000000000000000e+00,-1.000000000000000000e+00,-1.000000000000000000e+00,-1.000000000000000000e+00,-1.000000000000000000e+00,-1.000000000000000000e+00,-1.000000000000000000e+00,-1.000000000000000000e+00,-1.000000000000000000e+00,-1.000000000000000000e+00,-1.000000000000000000e+00,-1.000000000000000000e+00,-1.000000000000000000e+00,-1.000000000000000000e+00,-1.000000000000000000e+00,-1.000000000000000000e+00,5.708333333333333037e-01,3.812499999999999778e-01,-1.000000000000000000e+00,-1.000000000000000000e+00,-1.000000000000000000e+00,-1.000000000000000000e+00,-1.000000000000000000e+00,-1.000000000000000000e+00,2.819444444444444420e-01,3.145833333333333259e-01,-1.000000000000000000e+00,-1.000000000000000000e+00,-1.000000000000000000e+00,-1.000000000000000000e+00,-1.000000000000000000e+00,-1.000000000000000000e+00,-1.000000000000000000e+00,-1.000000000000000000e+00,2.666666666666666630e-01,3.145833333333333259e-01,-1.000000000000000000e+00,-1.000000000000000000e+00,-1.000000000000000000e+00,-1.000000000000000000e+00,-1.000000000000000000e+00,-1.000000000000000000e+00,-1.000000000000000000e+00,-1.000000000000000000e+00,-1.000000000000000000e+00,-1.000000000000000000e+00,-1.000000000000000000e+00,-1.000000000000000000e+00,-1.000000000000000000e+00,-1.000000000000000000e+00,-1.000000000000000000e+00,-1.000000000000000000e+00,-1.000000000000000000e+00,-1.000000000000000000e+00
-1.000000000000000000e+00,-1.000000000000000000e+00,2.236111111111111216e-01,4.208333333333333370e-01,-1.000000000000000000e+00,-1.000000000000000000e+00,-1.000000000000000000e+00,-1.000000000000000000e+00,-1.000000000000000000e+00,-1.000000000000000000e+00,-1.000000000000000000e+00,-1.000000000000000000e+00,-1.000000000000000000e+00,-1.000000000000000000e+00,-1.000000000000000000e+00,-1.000000000000000000e+00,-1.000000000000000000e+00,-1.000000000000000000e+00,-1.000000000000000000e+00,-1.000000000000000000e+00,-1.000000000000000000e+00,-1.000000000000000000e+00,6.138888888888889284e-01,4.229166666666666630e-01,-1.000000000000000000e+00,-1.000000000000000000e+00,-1.000000000000000000e+00,-1.000000000000000000e+00,-1.000000000000000000e+00,-1.000000000000000000e+00,2.388888888888889006e-01,4.020833333333333481e-01,-1.000000000000000000e+00,-1.000000000000000000e+00,-1.000000000000000000e+00,-1.000000000000000000e+00,-1.000000000000000000e+00,-1.000000000000000000e+00,-1.000000000000000000e+00,-1.000000000000000000e+00,-1.000000000000000000e+00,-1.000000000000000000e+00,-1.000000000000000000e+00,-1.000000000000000000e+00,-1.000000000000000000e+00,-1.000000000000000000e+00,-1.000000000000000000e+00,-1.000000000000000000e+00,-1.000000000000000000e+00,-1.000000000000000000e+00,-1.000000000000000000e+00,-1.000000000000000000e+00,-1.000000000000000000e+00,-1.000000000000000000e+00,-1.000000000000000000e+00,-1.000000000000000000e+00,-1.000000000000000000e+00,-1.000000000000000000e+00,-1.000000000000000000e+00,-1.000000000000000000e+00
-1.000000000000000000e+00,-1.000000000000000000e+00,3.097222222222222321e-01,3.145833333333333259e-01,-1.000000000000000000e+00,-1.000000000000000000e+00,8.180555555555555358e-01,2.062499999999999889e-01,-1.000000000000000000e+00,-1.000000000000000000e+00,-1.000000000000000000e+00,-1.000000000000000000e+00,-1.000000000000000000e+00,-1.000000000000000000e+00,8.041666666666666963e-01,2.270833333333333315e-01,8.027777777777778123e-01,2.270833333333333315e-01,-1.000000000000000000e+00,-1.000000000000000000e+00,-1.000000000000000000e+00,-1.000000000000000000e+00,5.152777777777777235e-01,3.791666666666666519e-01,8.027777777777778123e-01,2.270833333333333315e-01,-1.000000000000000000e+00,-1.000000000000000000e+00,-1.000000000000000000e+00,-1.000000000000000000e+00,3.263888888888888951e-01,2.958333333333333370e-01,-1.000000000000000000e+00,-1.000000000000000000e+00,-1.000000000000000000e+00,-1.000000000000000000e+00,-1.000000000000000000e+00,-1.000000000000000000e+00,-1.000000000000000000e+00,-1.000000000000000000e+00,2.972222222222222210e-01,3.145833333333333259e-01,-1.000000000000000000e+00,-1.000000000000000000e+00,-1.000000000000000000e+00,-1.000000000000000000e+00,-1.000000000000000000e+00,-1.000000000000000000e+00,-1.000000000000000000e+00,-1.000000000000000000e+00,-1.000000000000000000e+00,-1.000000000000000000e+00,-1.000000000000000000e+00,-1.000000000000000000e+00,-1.000000000000000000e+00,-1.000000000000000000e+00,-1.000000000000000000e+00,-1.000000000000000000e+00,-1.000000000000000000e+00,-1.000000000000000000e+00
-1.000000000000000000e+00,-1.000000000000000000e+00,-1.000000000000000000e+00,-1.000000000000000000e+00,-1.000000000000000000e+00,-1.000000000000000000e+00,-1.000000000000000000e+00,-1.000000000000000000e+00,-1.000000000000000000e+00,-1.000000000000000000e+00,-1.000000000000000000e+00,-1.000000000000000000e+00,5.736111111111110716e-01,3.541666666666666852e-01,-1.000000000000000000e+00,-1.000000000000000000e+00,-1.000000000000000000e+00,-1.000000000000000000e+00,-1.000000000000000000e+00,-1.000000000000000000e+00,5.875000000000000222e-01,3.562500000000000111e-01,4.847222222222222210e-01,4.020833333333333481e-01,-1.000000000000000000e+00,-1.000000000000000000e+00,5.875000000000000222e-01,3.770833333333333259e-01,-1.000000000000000000e+00,-1.000000000000000000e+00,-1.000000000000000000e+00,-1.000000000000000000e+00,-1.000000000000000000e+00,-1.000000000000000000e+00,-1.000000000000000000e+00,-1.000000000000000000e+00,-1.000000000000000000e+00,-1.000000000000000000e+00,-1.000000000000000000e+00,-1.000000000000000000e+00,-1.000000000000000000e+00,-1.000000000000000000e+00,-1.000000000000000000e+00,-1.000000000000000000e+00,-1.000000000000000000e+00,-1.000000000000000000e+00,-1.000000000000000000e+00,-1.000000000000000000e+00,-1.000000000000000000e+00,-1.000000000000000000e+00,-1.000000000000000000e+00,-1.000000000000000000e+00,-1.000000000000000000e+00,-1.000000000000000000e+00,-1.000000000000000000e+00,-1.000000000000000000e+00,-1.000000000000000000e+00,-1.000000000000000000e+00,-1.000000000000000000e+00,-1.000000000000000000e+00
7.611111111111110716e-01,2.270833333333333315e-01,2.819444444444444420e-01,3.145833333333333259e-01,-1.000000000000000000e+00,-1.000000000000000000e+00,8.041666666666666963e-01,2.062499999999999889e-01,8.041666666666666963e-01,2.062499999999999889e-01,3.611111111111110772e-02,1.854166666666666741e-01,-1.000000000000000000e+00,-1.000000000000000000e+00,8.027777777777778123e-01,2.270833333333333315e-01,-1.000000000000000000e+00,-1.000000000000000000e+00,-1.000000000000000000e+00,-1.000000000000000000e+00,-1.000000000000000000e+00,-1.000000000000000000e+00,5.430555555555555136e-01,3.791666666666666519e-01,8.013888888888889284e-01,2.270833333333333315e-01,-1.000000000000000000e+00,-1.000000000000000000e+00,7.874999999999999778e-01,2.083333333333333426e-01,3.097222222222222321e-01,3.125000000000000000e-01,3.388888888888889062e-01,2.041666666666666630e-01,-1.000000000000000000e+00,-1.000000000000000000e+00,3.250000000000000111e-01,2.041666666666666630e-01,7.611111111111110716e-01,2.270833333333333315e-01,-1.000000000000000000e+00,-1.000000000000000000e+00,-1.000000000000000000e+00,-1.000000000000000000e+00,-1.000000000000000000e+00,-1.000000000000000000e+00,-1.000000000000000000e+00,-1.000000000000000000e+00,-1.000000000000000000e+00,-1.000000000000000000e+00,-1.000000000000000000e+00,-1.000000000000000000e+00,-1.000000000000000000e+00,-1.000000000000000000e+00,-1.000000000000000000e+00,-1.000000000000000000e+00,-1.000000000000000000e+00,-1.000000000000000000e+00,-1.000000000000000000e+00,-1.000000000000000000e+00
7.597222222222221877e-01,3.125000000000000000e-01,-1.000000000000000000e+00,-1.000000000000000000e+00,-1.000000000000000000e+00,-1.000000000000000000e+00,8.027777777777778123e-01,2.729166666666666408e-01,8.027777777777778123e-01,2.895833333333333592e-01,3.611111111111110772e-02,2.708333333333333148e-01,-1.000000000000000000e+00,-1.000000000000000000e+00,7.916666666666666297e-01,2.937500000000000111e-01,-1.000000000000000000e+00,-1.000000000000000000e+00,-1.000000000000000000e+00,-1.000000000000000000e+00,-1.000000000000000000e+00,-1.000000000000000000e+00,5.430555555555555136e-01,5.312500000000000000e-01,7.888888888888888618e-01,2.937500000000000111e-01,-1.000000000000000000e+00,-1.000000000000000000e+00,7.750000000000000222e-01,2.916666666666666852e-01,-1.000000000000000000e+00,-1.000000000000000000e+00,3.388888888888889062e-01,2.729166666666666408e-01,-1.000000000000000000e+00,-1.000000000000000000e+00,3.250000000000000111e-01,2.916666666666666852e-01,7.597222222222221877e-01,3.125000000000000000e-01,-1.000000000000000000e+00,-1.000000000000000000e+00,-1.000000000000000000e+00,-1.000000000000000000e+00,-1.000000000000000000e+00,-1.000000000000000000e+00,-1.000000000000000000e+00,-1.000000000000000000e+00,-1.000000000000000000e+00,-1.000000000000000000e+00,-1.000000000000000000e+00,-1.000000000000000000e+00,-1.000000000000000000e+00,-1.000000000000000000e+00,-1.000000000000000000e+00,-1.000000000000000000e+00,-1.000000000000000000e+00,-1.000000000000000000e+00,-1.000000000000000000e+00,-1.000000000000000000e+00
-1.000000000000000000e+00,-1.000000000000000000e+00,-1.000000000000000000e+00,-1.000000000000000000e+00,-1.000000000000000000e+00,-1.000000000000000000e+00,7.888888888888888618e-01,3.375000000000000222e-01,7.888888888888888618e-01,3.375000000000000222e-01,3.749999999999999861e-02,3.354166666666666408e-01,-1.000000000000000000e+00,-1.000000000000000000e+00,7.888888888888888618e-01,3.562500000000000111e-01,-1.000000000000000000e+00,-1.000000000000000000e+00,-1.000000000000000000e+00,-1.000000000000000000e+00,-1.000000000000000000e+00,-1.000000000000000000e+00,5.277777777777777901e-01,6.208333333333333481e-01,7.750000000000000222e-01,3.583333333333333370e-01,-1.000000000000000000e+00,-1.000000000000000000e+00,7.624999999999999556e-01,3.541666666666666852e-01,-1.000000000000000000e+00,-1.000000000000000000e+00,3.388888888888889062e-01,3.354166666666666408e-01,-1.000000000000000000e+00,-1.000000000000000000e+00,3.263888888888888951e-01,3.375000000000000222e-01,-1.000000000000000000e+00,-1.000000000000000000e+00,-1.000000000000000000e+00,-1.000000000000000000e+00,-1.000000000000000000e+00,-1.000000000000000000e+00,-1.000000000000000000e+00,-1.000000000000000000e+00,-1.000000000000000000e+00,-1.000000000000000000e+00,-1.000000000000000000e+00,-1.000000000000000000e+00,-1.000000000000000000e+00,-1.000000000000000000e+00,-1.000000000000000000e+00,-1.000000000000000000e+00,-1.000000000000000000e+00,-1.000000000000000000e+00,-1.000000000000000000e+00,-1.000000000000000000e+00,-1.000000000000000000e+00,-1.000000000000000000e+00
7.611111111111110716e-01,2.270833333333333315e-01,2.819444444444444420e-01,3.145833333333333259e-01,-1.000000000000000000e+00,-1.000000000000000000e+00,8.041666666666666963e-01,2.062499999999999889e-01,8.041666666666666963e-01,2.062499999999999889e-01,3.611111111111110772e-02,1.854166666666666741e-01,-1.000000000000000000e+00,-1.000000000000000000e+00,8.027777777777778123e-01,2.270833333333333315e-01,-1.000000000000000000e+00,-1.000000000000000000e+00,-1.000000000000000000e+00,-1.000000000000000000e+00,-1.000000000000000000e+00,-1.000000000000000000e+00,5.430555555555555136e-01,3.791666666666666519e-01,8.013888888888889284e-01,2.270833333333333315e-01,-1.000000000000000000e+00,-1.000000000000000000e+00,7.874999999999999778e-01,2.083333333333333426e-01,3.097222222222222321e-01,3.125000000000000000e-01,3.388888888888889062e-01,2.041666666666666630e-01,-1.000000000000000000e+00,-1.000000000000000000e+00,3.250000000000000111e-01,2.041666666666666630e-01,7.611111111111110716e-01,2.270833333333333315e-01,2.819444444444444420e-01,3.145833333333333259e-01,-1.000000000000000000e+00,-1.000000000000000000e+00,-1.000000000000000000e+00,-1.000000000000000000e+00,-1.000000000000000000e+00,-1.000000000000000000e+00,-1.000000000000000000e+00,-1.000000000000000000e+00,-1.000000000000000000e+00,-1.000000000000000000e+00,-1.000000000000000000e+00,-1.000000000000000000e+00,-1.000000000000000000e+00,-1.000000000000000000e+00,-1.000000000000000000e+00,-1.000000000000000000e+00,-1.000000000000000000e+00,-1.000000000000000000e+00
7.597222222222221877e-01,3.145833333333333259e-01,-1.000000000000000000e+00,-1.000000000000000000e+00,-1.000000000000000000e+00,-1.000000000000000000e+00,8.041666666666666963e-01,2.895833333333333592e-01,8.041666666666666963e-01,2.916666666666666852e-01,3.749999999999999861e-02,2.708333333333333148e-01,-1.000000000000000000e+00,-1.000000000000000000e+00,8.041666666666666963e-01,2.937500000000000111e-01,-1.000000000000000000e+00,-1.000000000000000000e+00,-1.000000000000000000e+00,-1.000000000000000000e+00,-1.000000000000000000e+00,-1.000000000000000000e+00,5.291666666666666741e-01,5.312500000000000000e-01,7.902777777777777457e-01,2.937500000000000111e-01,-1.000000000000000000e+00,-1.000000000000000000e+00,7.874999999999999778e-01,2.916666666666666852e-01,-1.000000000000000000e+00,-1.000000000000000000e+00,3.388888888888889062e-01,2.729166666666666408e-01,7.763888888888889062e-01,2.937500000000000111e-01,3.236111111111111271e-01,2.916666666666666852e-01,7.597222222222221877e-01,3.145833333333333259e-01,-1.000000000000000000e+00,-1.000000000000000000e+00,-1.000000000000000000e+00,-1.000000000000000000e+00,-1.000000000000000000e+00,-1.000000000000000000e+00,-1.000000000000000000e+00,-1.000000000000000000e+00,-1.000000000000000000e+00,-1.000000000000000000e+00,-1.000000000000000000e+00,-1.000000000000000000e+00,-1.000000000000000000e+00,-1.000000000000000000e+00,-1.000000000000000000e+00,-1.000000000000000000e+00,-1.000000000000000000e+00,-1.000000000000000000e+00,-1.000000000000000000e+00,-1.000000000000000000e+00
7.458333333333333481e-01,3.583333333333333370e-01,-1.000000000000000000e+00,-1.000000000000000000e+00,-1.000000000000000000e+00,-1.000000000000000000e+00,7.888888888888888618e-01,3.354166666666666408e-01,7.888888888888888618e-01,3.375000000000000222e-01,3.611111111111110772e-02,3.354166666666666408e-01,-1.000000000000000000e+00,-1.000000000000000000e+00,7.763888888888889062e-01,3.562500000000000111e-01,-1.000000000000000000e+00,-1.000000000000000000e+00,-1.000000000000000000e+00,-1.000000000000000000e+00,-1.000000000000000000e+00,-1.000000000000000000e+00,5.569444444444444642e-01,6.395833333333332815e-01,7.750000000000000222e-01,3.562500000000000111e-01,-1.000000000000000000e+00,-1.000000000000000000e+00,7.611111111111110716e-01,3.375000000000000222e-01,-1.000000000000000000e+00,-1.000000000000000000e+00,3.402777777777777901e-01,3.354166666666666408e-01,-1.000000000000000000e+00,-1.000000000000000000e+00,3.250000000000000111e-01,3.375000000000000222e-01,7.458333333333333481e-01,3.583333333333333370e-01,-1.000000000000000000e+00,-1.000000000000000000e+00,-1.000000000000000000e+00,-1.000000000000000000e+00,-1.000000000000000000e+00,-1.000000000000000000e+00,-1.000000000000000000e+00,-1.000000000000000000e+00,-1.000000000000000000e+00,-1.000000000000000000e+00,-1.000000000000000000e+00,-1.000000000000000000e+00,-1.000000000000000000e+00,-1.000000000000000000e+00,-1.000000000000000000e+00,-1.000000000000000000e+00,-1.000000000000000000e+00,-1.000000000000000000e+00,-1.000000000000000000e+00,-1.000000000000000000e+00
-1.000000000000000000e+00,-1.000000000000000000e+00,-1.000000000000000000e+00,-1.000000000000000000e+00,-1.000000000000000000e+00,-1.000000000000000000e+00,-1.000000000000000000e+00,-1.000000000000000000e+00,-1.000000000000000000e+00,-1.000000000000000000e+00,3.611111111111110772e-02,1.854166666666666741e-01,-1.000000000000000000e+00,-1.000000000000000000e+00,8.027777777777778123e-01,2.270833333333333315e-01,-1.000000000000000000e+00,-1.000000000000000000e+00,-1.000000000000000000e+00,-1.000000000000000000e+00,-1.000000000000000000e+00,-1.000000000000000000e+00,5.430555555555555136e-01,3.791666666666666519e-01,-1.000000000000000000e+00,-1.000000000000000000e+00,-1.000000000000000000e+00,-1.000000000000000000e+00,-1.000000000000000000e+00,-1.000000000000000000e+00,-1.000000000000000000e+00,-1.000000000000000000e+00,-1.000000000000000000e+00,-1.000000000000000000e+00,-1.000000000000000000e+00,-1.000000000000000000e+00,-1.000000000000000000e+00,-1.000000000000000000e+00,-1.000000000000000000e+00,-1.000000000000000000e+00,-1.000000000000000000e+00,-1.000000000000000000e+00,-1.000000000000000000e+00,-1.000000000000000000e+00,-1.000000000000000000e+00,-1.000000000000000000e+00,-1.000000000000000000e+00,-1.000000000000000000e+00,-1.000000000000000000e+00,-1.000000000000000000e+00,-1.000000000000000000e+00,-1.000000000000000000e+00,-1.000000000000000000e+00,-1.000000000000000000e+00,-1.000000000000000000e+00,-1.000000000000000000e+00,-1.000000000000000000e+00,-1.000000000000000000e+00,-1.000000000000000000e+00,-1.000000000000000000e+00
-1.000000000000000000e+00,-1.000000000000000000e+00,-1.000000000000000000e+00,-1.000000000000000000e+00,-1.000000000000000000e+00,-1.000000000000000000e+00,-1.000000000000000000e+00,-1.000000000000000000e+00,-1.000000000000000000e+00,-1.000000000000000000e+00,-1.000000000000000000e+00,-1.000000000000000000e+00,-1.000000000000000000e+00,-1.000000000000000000e+00,-1.000000000000000000e+00,-1.000000000000000000e+00,-1.000000000000000000e+00,-1.000000000000000000e+00,-1.000000000000000000e+00,-1.000000000000000000e+00,-1.000000000000000000e+00,-1.000000000000000000e+00,5.722222222222221877e-01,2.916666666666666852e-01,-1.000000000000000000e+00,-1.000000000000000000e+00,-1.000000000000000000e+00,-1.000000000000000000e+00,-1.000000000000000000e+00,-1.000000000000000000e+00,-1.000000000000000000e+00,-1.000000000000000000e+00,-1.000000000000000000e+00,-1.000000000000000000e+00,-1.000000000000000000e+00,-1.000000000000000000e+00,-1.000000000000000000e+00,-1.000000000000000000e+00,-1.000000000000000000e+00,-1.000000000000000000e+00,-1.000000000000000000e+00,-1.000000000000000000e+00,-1.000000000000000000e+00,-1.000000000000000000e+00,-1.000000000000000000e+00,-1.000000000000000000e+00,-1.000000000000000000e+00,-1.000000000000000000e+00,-1.000000000000000000e+00,-1.000000000000000000e+00,-1.000000000000000000e+00,-1.000000000000000000e+00,-1.000000000000000000e+00,-1.000000000000000000e+00,-1.000000000000000000e+00,-1.000000000000000000e+00,-1.000000000000000000e+00,-1.000000000000000000e+00,-1.000000000000000000e+00,-1.000000000000000000e+00
-1.000000000000000000e+00,-1.000000000000000000e+00,-1.000000000000000000e+00,-1.000000000000000000e+00,-1.000000000000000000e+00,-1.000000000000000000e+00,-1.000000000000000000e+00,-1.000000000000000000e+00,-1.000000000000000000e+00,-1.000000000000000000e+00,-1.000000000000000000e+00,-1.000000000000000000e+00,-1.000000000000000000e+00,-1.000000000000000000e+00,-1.000000000000000000e+00,-1.000000000000000000e+00,-1.000000000000000000e+00,-1.000000000000000000e+00,-1.000000000000000000e+00,-1.000000000000000000e+00,-1.000000000000000000e+00,-1.000000000000000000e+00,5.708333333333333037e-01,2.729166666666666408e-01,-1.000000000000000000e+00,-1.000000000000000000e+00,-1.000000000000000000e+00,-1.000000000000000000e+00,-1.000000000000000000e+00,-1.000000000000000000e+00,-1.000000000000000000e+00,-1.000000000000000000e+00,-1.000000000000000000e+00,-1.000000000000000000e+00,-1.000000000000000000e+00,-1.000000000000000000e+00,-1.000000000000000000e+00,-1.000000000000000000e+00,-1.000000000000000000e+00,-1.000000000000000000e+00,-1.000000000000000000e+00,-1.000000000000000000e+00,-1.000000000000000000e+00,-1.000000000000000000e+00,-1.000000000000000000e+00,-1.000000000000000000e+00,-1.000000000000000000e+00,-1.000000000000000000e+00,-1.000000000000000000e+00,-1.000000000000000000e+00,-1.000000000000000000e+00,-1.000000000000000000e+00,-1.000000000000000000e+00,-1.000000000000000000e+00,-1.000000000000000000e+00,-1.000000000000000000e+00,-1.000000000000000000e+00,-1.000000000000000000e+00,-1.000000000000000000e+00,-1.000000000000000000e+00
-1.000000000000000000e+00,-1.000000000000000000e+00,-1.000000000000000000e+00,-1.000000000000000000e+00,-1.000000000000000000e+00,-1.000000000000000000e+00,-1.000000000000000000e+00,-1.000000000000000000e+00,-1.000000000000000000e+00,-1.000000000000000000e+00,2.083333333333333218e-02,1.812499999999999944e-01,-1.000000000000000000e+00,-1.000000000000000000e+00,-1.000000000000000000e+00,-1.000000000000000000e+00,-1.000000000000000000e+00,-1.000000000000000000e+00,-1.000000000000000000e+00,-1.000000000000000000e+00,-1.000000000000000000e+00,-1.000000000000000000e+00,5.722222222222221877e-01,2.916666666666666852e-01,-1.000000000000000000e+00,-1.000000000000000000e+00,-1.000000000000000000e+00,-1.000000000000000000e+00,-1.000000000000000000e+00,-1.000000000000000000e+00,-1.000000000000000000e+00,-1.000000000000000000e+00,-1.000000000000000000e+00,-1.000000000000000000e+00,-1.000000000000000000e+00,-1.000000000000000000e+00,-1.000000000000000000e+00,-1.000000000000000000e+00,-1.000000000000000000e+00,-1.000000000000000000e+00,-1.000000000000000000e+00,-1.000000000000000000e+00,-1.000000000000000000e+00,-1.000000000000000000e+00,-1.000000000000000000e+00,-1.000000000000000000e+00,-1.000000000000000000e+00,-1.000000000000000000e+00,-1.000000000000000000e+00,-1.000000000000000000e+00,-1.000000000000000000e+00,-1.000000000000000000e+00,-1.000000000000000000e+00,-1.000000000000000000e+00,-1.000000000000000000e+00,-1.000000000000000000e+00,-1.000000000000000000e+00,-1.000000000000000000e+00,-1.000000000000000000e+00,-1.000000000000000000e+00
-1.000000000000000000e+00,-1.000000000000000000e+00,-1.000000000000000000e+00,-1.000000000000000000e+00,-1.000000000000000000e+00,-1.000000000000000000e+00,-1.000000000000000000e+00,-1.000000000000000000e+00,-1.000000000000000000e+00,-1.000000000000000000e+00,2.222222222222222307e-02,1.625000000000000056e-01,-1.000000000000000000e+00,-1.000000000000000000e+00,-1.000000000000000000e+00,-1.000000000000000000e+00,-1.000000000000000000e+00,-1.000000000000000000e+00,-1.000000000000000000e+00,-1.000000000000000000e+00,-1.000000000000000000e+00,-1.000000000000000000e+00,5.722222222222221877e-01,2.708333333333333148e-01,-1.000000000000000000e+00,-1.000000000000000000e+00,-1.000000000000000000e+00,-1.000000000000000000e+00,-1.000000000000000000e+00,-1.000000000000000000e+00,-1.000000000000000000e+00,-1.000000000000000000e+00,-1.000000000000000000e+00,-1.000000000000000000e+00,-1.000000000000000000e+00,-1.000000000000000000e+00,-1.000000000000000000e+00,-1.000000000000000000e+00,-1.000000000000000000e+00,-1.000000000000000000e+00,-1.000000000000000000e+00,-1.000000000000000000e+00,-1.000000000000000000e+00,-1.000000000000000000e+00,-1.000000000000000000e+00,-1.000000000000000000e+00,-1.000000000000000000e+00,-1.000000000000000000e+00,-1.000000000000000000e+00,-1.000000000000000000e+00,-1.000000000000000000e+00,-1.000000000000000000e+00,-1.000000000000000000e+00,-1.000000000000000000e+00,-1.000000000000000000e+00,-1.000000000000000000e+00,-1.000000000000000000e+00,-1.000000000000000000e+00,-1.000000000000000000e+00,-1.000000000000000000e+00
-1.000000000000000000e+00,-1.000000000000000000e+00,-1.000000000000000000e+00,-1.000000000000000000e+00,-1.000000000000000000e+00,-1.000000000000000000e+00,-1.000000000000000000e+00,-1.000000000000000000e+00,-1.000000000000000000e+00,-1.000000000000000000e+00,-1.000000000000000000e+00,-1.000000000000000000e+00,-1.000000000000000000e+00,-1.000000000000000000e+00,-1.000000000000000000e+00,-1.000000000000000000e+00,-1.000000000000000000e+00,-1.000000000000000000e+00,-1.000000000000000000e+00,-1.000000000000000000e+00,-1.000000000000000000e+00,-1.000000000000000000e+00,-1.000000000000000000e+00,-1.000000000000000000e+00,-1.000000000000000000e+00,-1.000000000000000000e+00,-1.000000000000000000e+00,-1.000000000000000000e+00,-1.000000000000000000e+00,-1.000000000000000000e+00,-1.000000000000000000e+00,-1.000000000000000000e+00,-1.000000000000000000e+00,-1.000000000000000000e+00,-1.000000000000000000e+00,-1.000000000000000000e+00,-1.000000000000000000e+00,-1.000000000000000000e+00,-1.000000000000000000e+00,-1.000000000000000000e+00,-1.000000000000000000e+00,-1.000000000000000000e+00,-1.000000000000000000e+00,-1.000000000000000000e+00,-1.000000000000000000e+00,-1.000000000000000000e+00,-1.000000000000000000e+00,-1.000000000000000000e+00,-1.000000000000000000e+00,-1.000000000000000000e+00,-1.000000000000000000e+00,-1.000000000000000000e+00,-1.000000000000000000e+00,-1.000000000000000000e+00,-1.000000000000000000e+00,-1.000000000000000000e+00,-1.000000000000000000e+00,-1.000000000000000000e+00,-1.000000000000000000e+00,-1.000000000000000000e+00
-1.000000000000000000e+00,-1.000000000000000000e+00,-1.000000000000000000e+00,-1.000000000000000000e+00,-1.000000000000000000e+00,-1.000000000000000000e+00,-1.000000000000000000e+00,-1.000000000000000000e+00,-1.000000000000000000e+00,-1.000000000000000000e+00,-1.000000000000000000e+00,-1.000000000000000000e+00,-1.000000000000000000e+00,-1.000000000000000000e+00,-1.000000000000000000e+00,-1.000000000000000000e+00,-1.000000000000000000e+00,-1.000000000000000000e+00,-1.000000000000000000e+00,-1.000000000000000000e+00,-1.000000000000000000e+00,-1.000000000000000000e+00,-1.000000000000000000e+00,-1.000000000000000000e+00,-1.000000000000000000e+00,-1.000000000000000000e+00,-1.000000000000000000e+00,-1.000000000000000000e+00,-1.000000000000000000e+00,-1.000000000000000000e+00,-1.000000000000000000e+00,-1.000000000000000000e+00,-1.000000000000000000e+00,-1.000000000000000000e+00,-1.000000000000000000e+00,-1.000000000000000000e+00,-1.000000000000000000e+00,-1.000000000000000000e+00,-1.000000000000000000e+00,-1.000000000000000000e+00,-1.000000000000000000e+00,-1.000000000000000000e+00,-1.000000000000000000e+00,-1.000000000000000000e+00,-1.000000000000000000e+00,-1.000000000000000000e+00,-1.000000000000000000e+00,-1.000000000000000000e+00,-1.000000000000000000e+00,-1.000000000000000000e+00,-1.000000000000000000e+00,-1.000000000000000000e+00,-1.000000000000000000e+00,-1.000000000000000000e+00,-1.000000000000000000e+00,-1.000000000000000000e+00,-1.000000000000000000e+00,-1.000000000000000000e+00,-1.000000000000000000e+00,-1.000000000000000000e+00
